order_id,customer_id,product_id,quantity,unit_price,payment_mode,order_date
OFF00001,779,63,4,499,Credit Card,2026-01-21
OFF00002,350,11,1,1499,Credit Card,2026-01-26
OFF00003,950,290,2,499,Net Banking,2026-01-07
OFF00004,893,111,2,1499,Credit Card,2026-01-26
OFF00005,234,2,3,999,Net Banking,2026-01-09
OFF00006,988,90,1,9999,UPI,2026-01-05
OFF00007,703,8,3,999,Debit Card,2026-01-01
OFF00008,230,90,3,499,Wallet,2026-01-14
OFF00009,166,270,1,9999,Cash,2026-01-15
OFF00010,616,186,1,2499,Credit Card,2026-01-20
OFF00011,759,23,3,2499,UPI,2026-01-02
OFF00012,803,246,4,2499,UPI,2026-01-16
OFF00013,430,228,1,499,Net Banking,2026-01-05
OFF00014,740,34,2,1499,Wallet,2026-01-19
OFF00015,712,281,3,2499,Net Banking,2026-01-10
OFF00016,913,233,4,499,Wallet,2026-01-04
OFF00017,563,283,2,2499,Credit Card,2026-01-14
OFF00018,526,174,4,2499,Wallet,2026-01-04
OFF00019,782,161,4,1499,Debit Card,2026-01-12
OFF00020,194,79,4,499,UPI,2026-01-03
OFF00021,857,222,1,9999,Debit Card,2026-01-26
OFF00022,1080,67,1,4999,Net Banking,2026-01-18
OFF00023,463,169,1,2499,Wallet,2026-01-25
OFF00024,715,217,1,1499,Debit Card,2026-01-12
OFF00025,773,54,2,999,Cash,2026-01-08
OFF00026,477,56,3,4999,UPI,2026-01-25
OFF00027,966,143,2,2499,Net Banking,2026-01-25
OFF00028,1052,286,1,4999,Wallet,2026-01-27
OFF00029,380,137,1,999,Wallet,2026-01-25
OFF00030,107,159,3,1499,Credit Card,2026-01-28
OFF00031,246,74,4,499,Wallet,2026-01-21
OFF00032,644,16,1,9999,Credit Card,2026-01-13
OFF00033,262,215,4,1499,Debit Card,2026-01-10
OFF00034,260,167,1,499,Credit Card,2026-01-25
OFF00035,554,26,1,1499,Wallet,2026-01-14
OFF00036,380,249,4,2499,Credit Card,2026-01-25
OFF00037,541,263,1,1499,UPI,2026-01-10
OFF00038,326,250,3,499,Cash,2026-01-20
OFF00039,409,29,1,999,Credit Card,2026-01-25
OFF00040,436,71,3,1499,UPI,2026-01-01
OFF00041,233,255,4,999,Cash,2026-01-18
OFF00042,507,118,3,499,Wallet,2026-01-02
OFF00043,1044,224,1,2499,UPI,2026-01-28
OFF00044,515,161,4,4999,Wallet,2026-01-21
OFF00045,515,214,3,499,UPI,2026-01-11
OFF00046,1042,88,4,9999,Debit Card,2026-01-03
OFF00047,547,224,1,999,Net Banking,2026-01-13
OFF00048,992,269,1,2499,Debit Card,2026-01-24
OFF00049,898,174,2,1499,Credit Card,2026-01-03
OFF00050,623,262,1,4999,Credit Card,2026-01-29
OFF00051,1082,179,3,9999,Wallet,2026-01-27
OFF00052,250,76,2,499,Debit Card,2026-01-07
OFF00053,178,89,2,9999,Credit Card,2026-01-25
OFF00054,879,253,4,4999,Net Banking,2026-01-15
OFF00055,424,290,3,9999,Credit Card,2026-01-15
OFF00056,747,35,4,2499,Debit Card,2026-01-26
OFF00057,620,141,1,1499,UPI,2026-01-10
OFF00058,159,237,4,499,Debit Card,2026-01-27
OFF00059,985,147,1,9999,UPI,2026-01-20
OFF00060,695,260,4,2499,Net Banking,2026-01-26
OFF00061,768,22,4,4999,Credit Card,2026-01-11
OFF00062,562,244,2,499,UPI,2026-01-26
OFF00063,762,176,1,4999,Credit Card,2026-01-02
OFF00064,637,127,4,2499,Net Banking,2026-01-20
OFF00065,1040,82,3,1499,Debit Card,2026-01-13
OFF00066,713,210,3,9999,UPI,2026-01-26
OFF00067,197,172,1,1499,Net Banking,2026-01-22
OFF00068,842,198,3,1499,Wallet,2026-01-30
OFF00069,697,77,3,499,Wallet,2026-01-05
OFF00070,816,180,3,9999,Wallet,2026-01-13
OFF00071,673,67,1,1499,Cash,2026-01-21
OFF00072,820,169,2,9999,Wallet,2026-01-22
OFF00073,787,270,1,9999,Cash,2026-01-17
OFF00074,417,186,1,1499,Credit Card,2026-01-07
OFF00075,332,175,4,999,Credit Card,2026-01-05
OFF00076,620,40,3,499,Net Banking,2026-01-27
OFF00077,445,270,1,9999,Net Banking,2026-01-05
OFF00078,286,193,2,999,Wallet,2026-01-25
OFF00079,521,85,4,499,Debit Card,2026-01-22
OFF00080,392,122,4,4999,Wallet,2026-01-26
OFF00081,345,230,2,4999,Debit Card,2026-01-26
OFF00082,795,241,2,1499,Net Banking,2026-01-15
OFF00083,615,237,3,2499,Net Banking,2026-01-14
OFF00084,242,83,2,4999,Debit Card,2026-01-02
OFF00085,1057,247,3,4999,UPI,2026-01-23
OFF00086,186,265,1,1499,Credit Card,2026-01-09
OFF00087,194,231,2,2499,Credit Card,2026-01-27
OFF00088,525,231,3,499,UPI,2026-01-13
OFF00089,496,258,3,999,UPI,2026-01-12
OFF00090,1054,115,1,1499,UPI,2026-01-27
OFF00091,140,172,2,999,Debit Card,2026-01-30
OFF00092,581,242,2,9999,Cash,2026-01-20
OFF00093,363,3,1,499,Credit Card,2026-01-27
OFF00094,895,77,4,499,Debit Card,2026-01-08
OFF00095,345,155,1,499,Cash,2026-01-21
OFF00096,957,235,1,499,Cash,2026-01-20
OFF00097,628,275,1,9999,Net Banking,2026-01-08
OFF00098,102,74,3,2499,Net Banking,2026-01-12
OFF00099,781,124,4,999,Wallet,2026-01-03
OFF00100,1077,269,3,499,Net Banking,2026-01-18
OFF00101,995,260,1,2499,Cash,2026-01-02
OFF00102,866,199,3,1499,UPI,2026-01-12
OFF00103,851,35,3,999,Wallet,2026-01-21
OFF00104,146,54,3,999,Debit Card,2026-01-18
OFF00105,576,174,2,9999,Wallet,2026-01-16
OFF00106,834,94,2,499,Cash,2026-01-02
OFF00107,911,151,2,499,Credit Card,2026-01-29
OFF00108,628,22,3,1499,Cash,2026-01-27
OFF00109,138,279,4,1499,Wallet,2026-01-07
OFF00110,987,147,3,499,Wallet,2026-01-11
OFF00111,548,140,1,1499,Cash,2026-01-24
OFF00112,1098,226,4,1499,Credit Card,2026-01-16
OFF00113,374,255,3,4999,UPI,2026-01-24
OFF00114,717,218,1,2499,Credit Card,2026-01-18
OFF00115,182,151,3,499,Debit Card,2026-01-22
OFF00116,718,152,3,2499,Wallet,2026-01-14
OFF00117,558,86,4,1499,UPI,2026-01-24
OFF00118,755,181,4,1499,UPI,2026-01-03
OFF00119,921,208,3,4999,Wallet,2026-01-22
OFF00120,970,82,1,999,Net Banking,2026-01-22
OFF00121,169,225,1,999,Credit Card,2026-01-25
OFF00122,1073,188,3,2499,Net Banking,2026-01-02
OFF00123,481,79,4,1499,Cash,2026-01-25
OFF00124,476,40,2,4999,Cash,2026-01-11
OFF00125,127,143,2,499,Wallet,2026-01-06
OFF00126,221,256,4,4999,Debit Card,2026-01-25
OFF00127,727,134,4,999,Debit Card,2026-01-23
OFF00128,239,252,2,499,UPI,2026-01-15
OFF00129,930,89,4,499,Wallet,2026-01-28
OFF00130,167,164,3,9999,Net Banking,2026-01-18
OFF00131,829,149,3,999,Wallet,2026-01-30
OFF00132,330,90,3,4999,UPI,2026-01-07
OFF00133,127,72,2,2499,Debit Card,2026-01-18
OFF00134,923,294,3,2499,Net Banking,2026-01-05
OFF00135,508,45,1,1499,Wallet,2026-01-24
OFF00136,944,246,4,2499,Net Banking,2026-01-03
OFF00137,176,65,3,9999,Cash,2026-01-15
OFF00138,1000,265,3,999,Net Banking,2026-01-21
OFF00139,615,94,2,2499,UPI,2026-01-27
OFF00140,269,64,2,1499,Credit Card,2026-01-11
OFF00141,1017,116,3,4999,Debit Card,2026-01-28
OFF00142,751,41,3,999,Net Banking,2026-01-09
OFF00143,647,65,3,4999,UPI,2026-01-17
OFF00144,775,87,2,999,Net Banking,2026-01-24
OFF00145,184,173,1,499,UPI,2026-01-21
OFF00146,316,296,3,9999,Net Banking,2026-01-14
OFF00147,659,16,4,9999,Debit Card,2026-01-21
OFF00148,925,155,4,999,Wallet,2026-01-13
OFF00149,806,153,4,499,UPI,2026-01-06
OFF00150,576,226,4,2499,Credit Card,2026-01-11
OFF00151,427,74,3,9999,Wallet,2026-01-28
OFF00152,879,177,4,999,Debit Card,2026-01-17
OFF00153,348,288,1,1499,Cash,2026-01-04
OFF00154,245,137,4,999,UPI,2026-01-02
OFF00155,529,149,4,4999,Credit Card,2026-01-28
OFF00156,839,82,3,4999,Debit Card,2026-01-07
OFF00157,579,82,4,4999,Cash,2026-01-29
OFF00158,193,158,4,499,Cash,2026-01-17
OFF00159,698,235,2,999,Debit Card,2026-01-02
OFF00160,712,26,3,2499,Wallet,2026-01-22
OFF00161,109,241,3,4999,UPI,2026-01-14
OFF00162,475,69,3,9999,Cash,2026-01-12
OFF00163,684,24,4,499,Net Banking,2026-01-07
OFF00164,496,186,3,499,Net Banking,2026-01-15
OFF00165,797,282,3,4999,Net Banking,2026-01-04
OFF00166,483,66,1,2499,Debit Card,2026-01-18
OFF00167,717,188,2,999,Net Banking,2026-01-13
OFF00168,140,257,1,499,Credit Card,2026-01-23
OFF00169,568,171,4,4999,Credit Card,2026-01-20
OFF00170,1054,264,2,1499,Net Banking,2026-01-11
OFF00171,858,84,4,4999,Debit Card,2026-01-19
OFF00172,677,173,4,9999,Debit Card,2026-01-16
OFF00173,790,9,3,1499,UPI,2026-01-14
OFF00174,994,299,3,9999,Wallet,2026-01-21
OFF00175,1091,14,4,1499,Wallet,2026-01-26
OFF00176,153,297,2,9999,Net Banking,2026-01-16
OFF00177,942,88,4,999,Wallet,2026-01-08
OFF00178,120,17,1,999,Cash,2026-01-11
OFF00179,808,215,2,2499,Credit Card,2026-01-14
OFF00180,845,257,4,9999,UPI,2026-01-23
OFF00181,433,71,2,4999,Wallet,2026-01-16
OFF00182,1080,270,4,1499,Credit Card,2026-01-15
OFF00183,463,273,3,4999,Wallet,2026-01-25
OFF00184,1081,136,4,999,Credit Card,2026-01-09
OFF00185,1065,286,3,999,Debit Card,2026-01-25
OFF00186,822,148,2,9999,Cash,2026-01-11
OFF00187,1057,246,3,4999,Wallet,2026-01-09
OFF00188,793,148,1,4999,Net Banking,2026-01-13
OFF00189,398,203,3,999,UPI,2026-01-10
OFF00190,772,41,3,2499,Debit Card,2026-01-24
OFF00191,948,246,2,999,Net Banking,2026-01-09
OFF00192,212,288,3,999,Net Banking,2026-01-24
OFF00193,786,123,2,499,Net Banking,2026-01-08
OFF00194,524,120,1,499,Debit Card,2026-01-23
OFF00195,890,242,1,9999,Credit Card,2026-01-01
OFF00196,769,282,2,2499,Cash,2026-01-16
OFF00197,393,103,3,1499,Wallet,2026-01-02
OFF00198,857,46,2,4999,Wallet,2026-01-28
OFF00199,1004,20,2,2499,Credit Card,2026-01-30
OFF00200,291,19,4,2499,Wallet,2026-01-28
OFF00201,406,149,1,499,Net Banking,2026-01-20
OFF00202,566,55,3,1499,Wallet,2026-01-18
OFF00203,972,269,4,999,Net Banking,2026-01-15
OFF00204,439,140,2,499,Credit Card,2026-01-24
OFF00205,291,235,3,9999,UPI,2026-01-24
OFF00206,791,173,3,4999,Credit Card,2026-01-06
OFF00207,436,208,4,4999,UPI,2026-01-13
OFF00208,589,49,2,999,Debit Card,2026-01-30
OFF00209,493,128,1,1499,Credit Card,2026-01-15
OFF00210,697,137,3,1499,Wallet,2026-01-19
OFF00211,469,6,3,9999,Wallet,2026-01-08
OFF00212,415,32,1,2499,Credit Card,2026-01-13
OFF00213,221,258,3,9999,Wallet,2026-01-30
OFF00214,327,152,3,4999,Credit Card,2026-01-05
OFF00215,866,245,2,2499,Net Banking,2026-01-12
OFF00216,922,213,4,4999,Wallet,2026-01-27
OFF00217,873,112,2,9999,Net Banking,2026-01-28
OFF00218,821,42,4,4999,Debit Card,2026-01-03
OFF00219,949,289,1,499,Net Banking,2026-01-29
OFF00220,650,259,2,4999,Credit Card,2026-01-06
OFF00221,797,168,4,499,Credit Card,2026-01-23
OFF00222,1021,299,4,499,Net Banking,2026-01-15
OFF00223,626,29,4,999,Cash,2026-01-15
OFF00224,574,289,1,4999,Wallet,2026-01-26
OFF00225,361,158,1,2499,UPI,2026-01-24
OFF00226,534,112,1,499,Debit Card,2026-01-23
OFF00227,1057,33,1,499,Cash,2026-01-02
OFF00228,888,147,4,999,Credit Card,2026-01-25
OFF00229,560,216,3,2499,Cash,2026-01-13
OFF00230,981,42,2,9999,Debit Card,2026-01-04
OFF00231,231,92,4,4999,Wallet,2026-01-08
OFF00232,575,2,1,1499,Wallet,2026-01-24
OFF00233,489,279,4,4999,Credit Card,2026-01-08
OFF00234,383,236,3,999,Credit Card,2026-01-30
OFF00235,530,58,1,9999,Net Banking,2026-01-25
OFF00236,169,9,2,999,UPI,2026-01-20
OFF00237,789,18,4,4999,Wallet,2026-01-28
OFF00238,146,25,2,9999,Cash,2026-01-15
OFF00239,244,120,2,499,Net Banking,2026-01-10
OFF00240,713,120,3,4999,Wallet,2026-01-27
OFF00241,998,165,2,1499,Credit Card,2026-01-22
OFF00242,408,267,2,2499,Debit Card,2026-01-02
OFF00243,796,286,2,9999,Cash,2026-01-18
OFF00244,1065,254,1,1499,Wallet,2026-01-22
OFF00245,527,196,3,9999,Cash,2026-01-05
OFF00246,873,154,4,999,Net Banking,2026-01-16
OFF00247,979,124,2,1499,Wallet,2026-01-05
OFF00248,523,238,1,4999,Cash,2026-01-18
OFF00249,349,272,2,2499,Debit Card,2026-01-07
OFF00250,968,170,1,2499,Debit Card,2026-01-03
OFF00251,375,275,2,499,Cash,2026-01-22
OFF00252,924,21,1,999,Net Banking,2026-01-24
OFF00253,314,287,2,2499,Debit Card,2026-01-10
OFF00254,1086,8,2,999,Wallet,2026-01-04
OFF00255,719,246,2,9999,Wallet,2026-01-07
OFF00256,430,204,2,4999,Debit Card,2026-01-13
OFF00257,368,239,3,1499,Debit Card,2026-01-17
OFF00258,923,255,4,499,Wallet,2026-01-16
OFF00259,421,164,2,1499,Cash,2026-01-02
OFF00260,250,289,2,9999,UPI,2026-01-09
OFF00261,257,284,4,1499,Credit Card,2026-01-11
OFF00262,954,118,4,4999,Credit Card,2026-01-16
OFF00263,882,282,3,1499,Cash,2026-01-24
OFF00264,851,252,4,999,Debit Card,2026-01-06
OFF00265,1039,72,4,999,Net Banking,2026-01-21
OFF00266,1068,31,1,499,Wallet,2026-01-02
OFF00267,963,4,4,999,Wallet,2026-01-08
OFF00268,324,35,2,499,Net Banking,2026-01-15
OFF00269,754,192,1,4999,Wallet,2026-01-30
OFF00270,107,248,4,499,Net Banking,2026-01-18
OFF00271,643,211,1,499,Wallet,2026-01-09
OFF00272,615,275,3,499,Wallet,2026-01-22
OFF00273,1041,221,2,499,UPI,2026-01-17
OFF00274,735,77,2,999,Net Banking,2026-01-09
OFF00275,181,182,3,2499,Debit Card,2026-01-13
OFF00276,332,236,2,9999,Debit Card,2026-01-22
OFF00277,516,42,1,499,Cash,2026-01-13
OFF00278,753,283,4,499,UPI,2026-01-23
OFF00279,966,88,1,2499,Cash,2026-01-21
OFF00280,1042,170,1,4999,UPI,2026-01-08
OFF00281,148,109,4,1499,UPI,2026-01-22
OFF00282,1052,144,1,999,Debit Card,2026-01-01
OFF00283,941,107,2,9999,Cash,2026-01-30
OFF00284,678,40,3,999,Credit Card,2026-01-19
OFF00285,874,200,3,2499,Wallet,2026-01-05
OFF00286,201,41,3,499,Cash,2026-01-08
OFF00287,888,39,3,4999,Net Banking,2026-01-20
OFF00288,750,204,3,499,Debit Card,2026-01-26
OFF00289,465,231,4,999,Net Banking,2026-01-13
OFF00290,700,222,2,9999,Wallet,2026-01-13
OFF00291,831,44,3,999,UPI,2026-01-03
OFF00292,829,138,2,2499,Wallet,2026-01-05
OFF00293,210,200,3,1499,UPI,2026-01-01
OFF00294,880,158,4,1499,Debit Card,2026-01-04
OFF00295,542,68,1,999,Cash,2026-01-18
OFF00296,127,285,4,499,UPI,2026-01-12
OFF00297,713,284,1,4999,Debit Card,2026-01-28
OFF00298,524,198,1,1499,Cash,2026-01-25
OFF00299,634,44,2,4999,Credit Card,2026-01-22
OFF00300,376,195,2,999,Debit Card,2026-01-09
OFF00301,272,253,2,499,Cash,2026-01-09
OFF00302,902,216,3,2499,UPI,2026-01-12
OFF00303,741,129,2,9999,Cash,2026-01-20
OFF00304,239,101,4,499,Debit Card,2026-01-01
OFF00305,490,203,3,4999,Debit Card,2026-01-15
OFF00306,1098,172,4,9999,Net Banking,2026-01-05
OFF00307,1071,154,3,4999,Wallet,2026-01-07
OFF00308,1088,246,3,999,Cash,2026-01-11
OFF00309,901,150,4,4999,Credit Card,2026-01-11
OFF00310,474,193,3,2499,UPI,2026-01-30
OFF00311,659,289,2,4999,Credit Card,2026-01-22
OFF00312,573,282,1,9999,Wallet,2026-01-07
OFF00313,171,225,3,9999,Cash,2026-01-22
OFF00314,411,256,2,9999,Credit Card,2026-01-09
OFF00315,176,79,4,2499,Cash,2026-01-20
OFF00316,619,246,4,4999,Wallet,2026-01-14
OFF00317,819,279,1,1499,Net Banking,2026-01-20
OFF00318,774,44,1,999,Wallet,2026-01-12
OFF00319,761,86,1,4999,Wallet,2026-01-21
OFF00320,209,205,3,2499,UPI,2026-01-04
OFF00321,865,133,2,4999,Net Banking,2026-01-18
OFF00322,484,298,2,2499,Cash,2026-01-15
OFF00323,126,257,2,1499,Cash,2026-01-04
OFF00324,219,152,4,499,Wallet,2026-01-05
OFF00325,567,179,3,1499,Credit Card,2026-01-17
OFF00326,200,248,3,2499,Cash,2026-01-24
OFF00327,408,232,3,499,UPI,2026-01-26
OFF00328,764,59,1,1499,UPI,2026-01-22
OFF00329,279,85,2,4999,Net Banking,2026-01-06
OFF00330,338,170,4,2499,Cash,2026-01-21
OFF00331,774,95,2,9999,Cash,2026-01-13
OFF00332,707,15,2,2499,Cash,2026-01-13
OFF00333,386,3,2,999,Wallet,2026-01-26
OFF00334,292,33,1,4999,Debit Card,2026-01-11
OFF00335,369,101,4,499,Wallet,2026-01-28
OFF00336,498,251,3,4999,Net Banking,2026-01-13
OFF00337,966,59,3,1499,Cash,2026-01-20
OFF00338,705,89,3,4999,UPI,2026-01-22
OFF00339,345,69,3,499,Debit Card,2026-01-04
OFF00340,245,94,3,9999,Net Banking,2026-01-13
OFF00341,493,215,2,4999,Cash,2026-01-06
OFF00342,271,250,2,4999,Cash,2026-01-10
OFF00343,963,72,2,1499,Cash,2026-01-20
OFF00344,597,28,3,499,Credit Card,2026-01-07
OFF00345,802,197,4,2499,Cash,2026-01-14
OFF00346,185,228,4,999,Net Banking,2026-01-01
OFF00347,382,113,3,499,Credit Card,2026-01-18
OFF00348,680,148,2,2499,Wallet,2026-01-25
OFF00349,217,254,1,4999,Debit Card,2026-01-25
OFF00350,943,279,3,4999,UPI,2026-01-25
OFF00351,205,226,2,2499,Wallet,2026-01-27
OFF00352,561,127,3,499,Debit Card,2026-01-12
OFF00353,895,45,4,499,Credit Card,2026-01-07
OFF00354,731,180,4,999,Credit Card,2026-01-26
OFF00355,684,106,2,499,Debit Card,2026-01-18
OFF00356,821,144,2,1499,Debit Card,2026-01-10
OFF00357,1022,294,3,4999,Wallet,2026-01-27
OFF00358,1041,49,2,2499,UPI,2026-01-09
OFF00359,250,65,2,999,Wallet,2026-01-11
OFF00360,246,127,4,2499,Net Banking,2026-01-21
OFF00361,563,138,4,2499,UPI,2026-01-21
OFF00362,868,48,4,4999,Debit Card,2026-01-23
OFF00363,436,189,4,2499,Net Banking,2026-01-01
OFF00364,781,48,4,9999,Wallet,2026-01-12
OFF00365,1092,33,4,999,Cash,2026-01-27
OFF00366,431,109,4,1499,Debit Card,2026-01-11
OFF00367,973,281,2,4999,Cash,2026-01-26
OFF00368,202,176,1,499,Wallet,2026-01-26
OFF00369,1052,236,1,499,Credit Card,2026-01-15
OFF00370,308,234,1,2499,Wallet,2026-01-30
OFF00371,996,68,3,999,Debit Card,2026-01-03
OFF00372,481,185,3,499,Wallet,2026-01-29
OFF00373,741,85,1,2499,Debit Card,2026-01-24
OFF00374,194,120,4,9999,Wallet,2026-01-04
OFF00375,180,1,2,2499,Credit Card,2026-01-19
OFF00376,109,116,4,499,Wallet,2026-01-11
OFF00377,236,62,4,9999,Cash,2026-01-03
OFF00378,849,118,4,499,UPI,2026-01-04
OFF00379,241,161,3,1499,Cash,2026-01-25
OFF00380,644,69,2,499,Net Banking,2026-01-01
OFF00381,840,85,4,1499,Credit Card,2026-01-21
OFF00382,804,78,4,4999,Cash,2026-01-28
OFF00383,244,112,1,499,UPI,2026-01-19
OFF00384,423,197,3,2499,Credit Card,2026-01-08
OFF00385,667,142,1,999,Net Banking,2026-01-20
OFF00386,997,146,1,9999,Debit Card,2026-01-07
OFF00387,502,266,2,9999,Debit Card,2026-01-21
OFF00388,496,28,2,2499,UPI,2026-01-08
OFF00389,1011,256,1,4999,UPI,2026-01-12
OFF00390,982,163,2,2499,Net Banking,2026-01-14
OFF00391,1078,188,2,2499,UPI,2026-01-01
OFF00392,321,35,1,1499,UPI,2026-01-30
OFF00393,394,31,4,4999,Wallet,2026-01-23
OFF00394,819,257,4,2499,Cash,2026-01-03
OFF00395,186,275,2,1499,Debit Card,2026-01-03
OFF00396,650,262,2,999,Debit Card,2026-01-13
OFF00397,548,34,3,9999,Wallet,2026-01-28
OFF00398,189,123,1,999,Cash,2026-01-04
OFF00399,783,233,1,1499,Wallet,2026-01-22
OFF00400,825,90,1,499,Credit Card,2026-01-23
OFF00401,1076,6,2,2499,Debit Card,2026-01-17
OFF00402,481,265,3,999,Credit Card,2026-01-24
OFF00403,444,138,1,499,Cash,2026-01-09
OFF00404,830,269,1,1499,Net Banking,2026-01-21
OFF00405,624,40,4,2499,Debit Card,2026-01-02
OFF00406,262,256,2,1499,Debit Card,2026-01-25
OFF00407,859,53,1,999,Net Banking,2026-01-01
OFF00408,148,23,1,999,Cash,2026-01-12
OFF00409,1054,197,2,999,UPI,2026-01-18
OFF00410,355,215,2,1499,Cash,2026-01-30
OFF00411,686,164,3,499,Debit Card,2026-01-04
OFF00412,329,258,1,999,Net Banking,2026-01-02
OFF00413,987,206,1,2499,Debit Card,2026-01-25
OFF00414,667,160,3,499,Cash,2026-01-01
OFF00415,678,189,2,1499,Debit Card,2026-01-24
OFF00416,706,125,4,1499,Cash,2026-01-25
OFF00417,107,101,2,999,Cash,2026-01-01
OFF00418,960,120,3,9999,Wallet,2026-01-29
OFF00419,878,5,3,499,Wallet,2026-01-13
OFF00420,643,158,1,999,Credit Card,2026-01-14
OFF00421,829,252,1,999,Debit Card,2026-01-03
OFF00422,523,23,2,4999,Wallet,2026-01-29
OFF00423,187,191,4,9999,Net Banking,2026-01-04
OFF00424,940,259,2,9999,Cash,2026-01-03
OFF00425,779,291,1,2499,Credit Card,2026-01-08
OFF00426,1049,150,3,1499,Cash,2026-01-23
OFF00427,379,168,3,2499,Credit Card,2026-01-03
OFF00428,212,104,2,4999,Credit Card,2026-01-04
OFF00429,422,85,4,2499,Cash,2026-01-04
OFF00430,563,275,3,999,Debit Card,2026-01-15
OFF00431,262,136,1,499,Wallet,2026-01-10
OFF00432,252,21,2,1499,UPI,2026-01-23
OFF00433,626,128,3,2499,UPI,2026-01-22
OFF00434,132,154,3,999,Cash,2026-01-28
OFF00435,574,232,2,499,UPI,2026-01-26
OFF00436,164,72,1,499,Credit Card,2026-01-05
OFF00437,803,102,4,1499,Wallet,2026-01-21
OFF00438,123,44,3,499,UPI,2026-01-07
OFF00439,1027,228,2,499,Debit Card,2026-01-04
OFF00440,273,22,4,499,Net Banking,2026-01-14
OFF00441,492,203,4,499,Wallet,2026-01-14
OFF00442,1031,89,3,999,Credit Card,2026-01-09
OFF00443,136,144,4,999,Net Banking,2026-01-20
OFF00444,522,126,3,2499,Net Banking,2026-01-16
OFF00445,493,32,1,1499,Credit Card,2026-01-14
OFF00446,922,103,2,9999,Net Banking,2026-01-26
OFF00447,468,10,4,9999,Cash,2026-01-18
OFF00448,615,249,3,4999,Debit Card,2026-01-13
OFF00449,427,139,2,499,Net Banking,2026-01-08
OFF00450,929,16,3,499,Cash,2026-01-17
OFF00451,203,184,2,999,Credit Card,2026-01-22
OFF00452,936,124,3,4999,Wallet,2026-01-02
OFF00453,1058,113,4,1499,Credit Card,2026-01-06
OFF00454,815,122,3,9999,Debit Card,2026-01-30
OFF00455,678,15,3,4999,Credit Card,2026-01-19
OFF00456,417,97,4,4999,Credit Card,2026-01-16
OFF00457,339,20,1,499,Net Banking,2026-01-08
OFF00458,440,11,4,499,Net Banking,2026-01-07
OFF00459,282,67,3,9999,Debit Card,2026-01-02
OFF00460,822,12,2,4999,Credit Card,2026-01-25
OFF00461,483,57,3,499,Wallet,2026-01-22
OFF00462,410,203,1,1499,Debit Card,2026-01-05
OFF00463,1084,81,4,9999,Cash,2026-01-21
OFF00464,1092,163,2,9999,Net Banking,2026-01-23
OFF00465,704,183,2,9999,Credit Card,2026-01-13
OFF00466,282,158,3,999,Wallet,2026-01-01
OFF00467,134,294,4,4999,Credit Card,2026-01-20
OFF00468,680,163,2,9999,UPI,2026-01-30
OFF00469,864,255,2,1499,UPI,2026-01-08
OFF00470,752,178,3,999,UPI,2026-01-27
OFF00471,372,172,4,499,Credit Card,2026-01-08
OFF00472,906,35,3,1499,UPI,2026-01-24
OFF00473,549,1,1,2499,Wallet,2026-01-14
OFF00474,1003,86,4,2499,Cash,2026-01-12
OFF00475,949,280,4,499,Cash,2026-01-26
OFF00476,563,296,2,999,UPI,2026-01-26
OFF00477,427,18,3,499,Debit Card,2026-01-04
OFF00478,1010,38,3,999,Cash,2026-01-06
OFF00479,709,39,1,1499,Net Banking,2026-01-29
OFF00480,1066,248,1,2499,Wallet,2026-01-06
OFF00481,204,223,2,499,Debit Card,2026-01-07
OFF00482,668,98,4,9999,Wallet,2026-01-30
OFF00483,389,277,3,9999,Debit Card,2026-01-08
OFF00484,686,50,1,2499,Net Banking,2026-01-27
OFF00485,470,252,2,499,UPI,2026-01-14
OFF00486,741,45,3,9999,Net Banking,2026-01-16
OFF00487,312,103,1,499,Credit Card,2026-01-21
OFF00488,965,150,1,2499,UPI,2026-01-10
OFF00489,1017,204,4,2499,Wallet,2026-01-09
OFF00490,480,47,4,999,Cash,2026-01-12
OFF00491,370,96,4,499,Cash,2026-01-15
OFF00492,678,135,2,1499,UPI,2026-01-05
OFF00493,453,50,1,9999,Net Banking,2026-01-14
OFF00494,939,117,1,2499,Net Banking,2026-01-14
OFF00495,1003,275,4,4999,Credit Card,2026-01-16
OFF00496,1025,154,1,2499,Wallet,2026-01-02
OFF00497,1073,258,2,499,Cash,2026-01-06
OFF00498,230,86,2,999,UPI,2026-01-14
OFF00499,943,41,4,999,Wallet,2026-01-05
OFF00500,1037,133,3,9999,UPI,2026-01-03
OFF00501,434,199,4,4999,Debit Card,2026-01-17
OFF00502,739,235,1,9999,Net Banking,2026-01-17
OFF00503,254,215,1,2499,Credit Card,2026-01-19
OFF00504,677,299,1,499,UPI,2026-01-26
OFF00505,371,147,3,2499,Cash,2026-01-21
OFF00506,277,249,4,499,Debit Card,2026-01-13
OFF00507,506,74,4,499,Debit Card,2026-01-23
OFF00508,587,122,1,9999,Debit Card,2026-01-29
OFF00509,938,191,1,1499,Debit Card,2026-01-10
OFF00510,802,144,4,9999,UPI,2026-01-28
OFF00511,1098,117,2,1499,Wallet,2026-01-15
OFF00512,527,165,3,9999,Net Banking,2026-01-21
OFF00513,317,46,2,2499,Cash,2026-01-24
OFF00514,628,249,3,499,Credit Card,2026-01-03
OFF00515,900,160,4,999,Net Banking,2026-01-29
OFF00516,298,292,1,999,Credit Card,2026-01-27
OFF00517,568,30,2,499,UPI,2026-01-30
OFF00518,478,185,2,1499,Cash,2026-01-17
OFF00519,132,204,1,9999,Credit Card,2026-01-12
OFF00520,1084,251,4,999,Cash,2026-01-19
OFF00521,268,283,3,1499,Debit Card,2026-01-24
OFF00522,496,47,3,499,UPI,2026-01-06
OFF00523,763,293,2,999,Credit Card,2026-01-22
OFF00524,520,106,3,9999,Net Banking,2026-01-01
OFF00525,763,5,4,999,Credit Card,2026-01-20
OFF00526,723,5,2,1499,Debit Card,2026-01-23
OFF00527,973,141,4,2499,Debit Card,2026-01-15
OFF00528,410,130,2,2499,Wallet,2026-01-17
OFF00529,624,204,1,499,Wallet,2026-01-27
OFF00530,801,192,3,1499,UPI,2026-01-16
OFF00531,756,33,3,1499,Debit Card,2026-01-28
OFF00532,829,142,3,9999,Wallet,2026-01-10
OFF00533,884,97,2,4999,Credit Card,2026-01-29
OFF00534,428,30,4,9999,Wallet,2026-01-05
OFF00535,366,14,4,1499,Cash,2026-01-13
OFF00536,826,199,1,4999,Net Banking,2026-01-27
OFF00537,831,98,3,9999,Credit Card,2026-01-22
OFF00538,468,274,4,9999,Net Banking,2026-01-10
OFF00539,200,88,2,1499,Cash,2026-01-05
OFF00540,1022,133,2,9999,Debit Card,2026-01-21
OFF00541,329,46,2,1499,Wallet,2026-01-28
OFF00542,481,158,4,1499,Debit Card,2026-01-19
OFF00543,582,151,4,499,UPI,2026-01-28
OFF00544,1011,299,1,2499,Credit Card,2026-01-17
OFF00545,406,62,4,4999,Cash,2026-01-02
OFF00546,451,78,2,999,Cash,2026-01-19
OFF00547,984,235,2,1499,Wallet,2026-01-06
OFF00548,747,42,4,1499,Credit Card,2026-01-11
OFF00549,381,30,1,2499,Credit Card,2026-01-25
OFF00550,905,87,2,2499,UPI,2026-01-05
OFF00551,540,223,4,2499,Cash,2026-01-13
OFF00552,305,3,1,4999,Wallet,2026-01-12
OFF00553,296,8,3,4999,UPI,2026-01-22
OFF00554,811,3,2,999,Debit Card,2026-01-10
OFF00555,616,67,1,2499,Net Banking,2026-01-10
OFF00556,406,86,1,499,Debit Card,2026-01-15
OFF00557,1010,267,3,2499,Wallet,2026-01-05
OFF00558,869,176,4,1499,Credit Card,2026-01-06
OFF00559,330,207,1,999,Wallet,2026-01-05
OFF00560,617,109,1,4999,Credit Card,2026-01-04
OFF00561,998,188,1,2499,Wallet,2026-01-09
OFF00562,150,274,1,4999,Wallet,2026-01-04
OFF00563,219,11,1,9999,Cash,2026-01-15
OFF00564,359,195,1,4999,Cash,2026-01-23
OFF00565,803,79,2,9999,Wallet,2026-01-01
OFF00566,204,155,4,9999,Wallet,2026-01-17
OFF00567,951,139,2,2499,UPI,2026-01-17
OFF00568,904,61,3,499,UPI,2026-01-16
OFF00569,952,102,2,1499,Net Banking,2026-01-07
OFF00570,265,184,4,1499,UPI,2026-01-18
OFF00571,1056,255,2,9999,Cash,2026-01-11
OFF00572,788,121,1,499,UPI,2026-01-30
OFF00573,1073,57,4,999,UPI,2026-01-25
OFF00574,841,262,1,9999,UPI,2026-01-29
OFF00575,404,132,2,2499,Debit Card,2026-01-15
OFF00576,996,26,1,999,UPI,2026-01-28
OFF00577,421,149,3,9999,Cash,2026-01-24
OFF00578,110,60,1,499,Credit Card,2026-01-22
OFF00579,1016,88,3,1499,Cash,2026-01-20
OFF00580,935,138,1,1499,Debit Card,2026-01-06
OFF00581,1086,59,4,2499,Cash,2026-01-09
OFF00582,765,198,4,2499,Credit Card,2026-01-04
OFF00583,207,68,1,999,Cash,2026-01-30
OFF00584,726,248,4,999,Cash,2026-01-25
OFF00585,1002,184,1,9999,Wallet,2026-01-29
OFF00586,216,67,4,2499,Cash,2026-01-15
OFF00587,771,24,1,1499,Debit Card,2026-01-01
OFF00588,995,269,2,9999,Debit Card,2026-01-17
OFF00589,778,268,1,2499,Wallet,2026-01-08
OFF00590,793,247,3,9999,Wallet,2026-01-13
OFF00591,759,77,1,499,Credit Card,2026-01-17
OFF00592,177,241,4,999,Cash,2026-01-11
OFF00593,152,124,3,1499,Net Banking,2026-01-08
OFF00594,937,282,4,2499,Credit Card,2026-01-03
OFF00595,559,236,4,4999,UPI,2026-01-28
OFF00596,222,256,4,1499,Cash,2026-01-24
OFF00597,523,10,1,2499,UPI,2026-01-18
OFF00598,911,282,1,499,Net Banking,2026-01-20
OFF00599,788,156,2,9999,Cash,2026-01-11
OFF00600,965,187,1,999,Cash,2026-01-11
OFF00601,773,287,4,9999,Debit Card,2026-01-23
OFF00602,878,232,1,499,Wallet,2026-01-08
OFF00603,950,2,3,1499,Wallet,2026-01-26
OFF00604,209,150,3,9999,UPI,2026-01-29
OFF00605,942,85,4,999,Wallet,2026-01-24
OFF00606,726,210,1,1499,Credit Card,2026-01-07
OFF00607,569,62,4,999,Credit Card,2026-01-23
OFF00608,148,174,1,2499,Wallet,2026-01-27
OFF00609,775,64,4,2499,Net Banking,2026-01-17
OFF00610,644,69,4,499,Wallet,2026-01-02
OFF00611,595,284,4,4999,Net Banking,2026-01-25
OFF00612,935,91,2,9999,Credit Card,2026-01-04
OFF00613,1003,199,3,4999,Cash,2026-01-14
OFF00614,1087,128,3,2499,Debit Card,2026-01-10
OFF00615,523,232,2,999,Net Banking,2026-01-23
OFF00616,661,263,3,9999,Debit Card,2026-01-23
OFF00617,315,284,2,999,Net Banking,2026-01-23
OFF00618,236,149,3,9999,Wallet,2026-01-21
OFF00619,219,92,3,9999,Debit Card,2026-01-18
OFF00620,866,246,4,9999,Net Banking,2026-01-10
OFF00621,210,217,1,4999,UPI,2026-01-13
OFF00622,158,75,1,9999,Credit Card,2026-01-09
OFF00623,357,83,3,9999,Credit Card,2026-01-27
OFF00624,872,32,3,999,Net Banking,2026-01-02
OFF00625,731,184,4,499,Wallet,2026-01-24
OFF00626,763,288,2,9999,Net Banking,2026-01-13
OFF00627,781,122,3,9999,UPI,2026-01-30
OFF00628,1080,196,4,2499,Wallet,2026-01-11
OFF00629,862,283,1,499,Debit Card,2026-01-07
OFF00630,822,227,2,9999,Wallet,2026-01-21
OFF00631,1088,189,2,9999,Credit Card,2026-01-10
OFF00632,177,230,2,9999,Credit Card,2026-01-06
OFF00633,142,264,1,2499,Cash,2026-01-09
OFF00634,265,285,3,999,Net Banking,2026-01-28
OFF00635,578,131,1,1499,Wallet,2026-01-30
OFF00636,1051,80,1,999,Debit Card,2026-01-20
OFF00637,909,27,3,2499,Net Banking,2026-01-18
OFF00638,426,184,1,9999,Net Banking,2026-01-08
OFF00639,264,95,1,4999,Cash,2026-01-18
OFF00640,458,275,4,499,Credit Card,2026-01-29
OFF00641,470,110,3,1499,Debit Card,2026-01-07
OFF00642,944,272,4,4999,Wallet,2026-01-01
OFF00643,347,59,3,2499,Wallet,2026-01-20
OFF00644,1007,125,1,9999,Debit Card,2026-01-13
OFF00645,654,59,4,1499,Wallet,2026-01-10
OFF00646,923,13,3,4999,Net Banking,2026-01-15
OFF00647,1020,250,1,1499,Wallet,2026-01-07
OFF00648,272,165,1,499,Net Banking,2026-01-18
OFF00649,787,4,1,999,Wallet,2026-01-25
OFF00650,311,110,4,499,Net Banking,2026-01-27
OFF00651,803,223,1,9999,Credit Card,2026-01-01
OFF00652,190,236,3,499,UPI,2026-01-02
OFF00653,173,92,3,4999,Net Banking,2026-01-27
OFF00654,498,117,3,2499,Cash,2026-01-21
OFF00655,118,208,4,1499,Cash,2026-01-22
OFF00656,838,61,1,9999,Net Banking,2026-01-03
OFF00657,969,300,1,9999,UPI,2026-01-12
OFF00658,906,258,1,1499,Wallet,2026-01-10
OFF00659,491,45,3,2499,Cash,2026-01-27
OFF00660,647,16,4,999,Credit Card,2026-01-05
OFF00661,248,201,3,9999,Debit Card,2026-01-22
OFF00662,996,192,1,4999,Net Banking,2026-01-05
OFF00663,687,64,1,499,Net Banking,2026-01-13
OFF00664,316,276,1,1499,Wallet,2026-01-24
OFF00665,1028,177,2,2499,Wallet,2026-01-28
OFF00666,289,263,2,999,Credit Card,2026-01-20
OFF00667,286,130,2,499,Wallet,2026-01-26
OFF00668,573,291,1,4999,Wallet,2026-01-18
OFF00669,169,38,3,9999,Debit Card,2026-01-04
OFF00670,466,102,4,1499,Credit Card,2026-01-22
OFF00671,735,121,1,1499,UPI,2026-01-29
OFF00672,562,100,3,2499,Debit Card,2026-01-20
OFF00673,681,157,2,4999,Debit Card,2026-01-26
OFF00674,105,162,4,999,Debit Card,2026-01-08
OFF00675,961,114,4,1499,Debit Card,2026-01-05
OFF00676,557,170,4,2499,Debit Card,2026-01-25
OFF00677,212,157,4,4999,Credit Card,2026-01-21
OFF00678,1013,42,3,999,Net Banking,2026-01-07
OFF00679,178,135,1,9999,UPI,2026-01-28
OFF00680,693,260,1,4999,Cash,2026-01-25
OFF00681,367,109,1,4999,Net Banking,2026-01-29
OFF00682,894,277,4,9999,Credit Card,2026-01-12
OFF00683,851,201,2,4999,Debit Card,2026-01-05
OFF00684,473,238,1,2499,Net Banking,2026-01-01
OFF00685,244,123,2,4999,Cash,2026-01-06
OFF00686,850,92,2,9999,Cash,2026-01-12
OFF00687,338,21,2,2499,UPI,2026-01-09
OFF00688,785,190,2,499,Credit Card,2026-01-17
OFF00689,1040,185,4,2499,Cash,2026-01-29
OFF00690,432,24,1,9999,UPI,2026-01-23
OFF00691,370,267,3,9999,Net Banking,2026-01-18
OFF00692,770,292,2,2499,Cash,2026-01-12
OFF00693,1097,40,3,2499,Credit Card,2026-01-17
OFF00694,599,208,3,1499,Cash,2026-01-29
OFF00695,270,4,2,2499,Credit Card,2026-01-03
OFF00696,254,264,3,999,Credit Card,2026-01-06
OFF00697,336,186,1,9999,Cash,2026-01-26
OFF00698,792,170,1,2499,Cash,2026-01-16
OFF00699,954,108,2,9999,Cash,2026-01-01
OFF00700,688,125,1,999,Net Banking,2026-01-06
OFF00701,251,69,1,4999,UPI,2026-01-06
OFF00702,1082,133,2,4999,Cash,2026-01-20
OFF00703,846,289,1,9999,Wallet,2026-01-27
OFF00704,560,146,1,999,Net Banking,2026-01-16
OFF00705,951,247,2,999,Cash,2026-01-20
OFF00706,776,74,2,4999,Net Banking,2026-01-09
OFF00707,711,86,3,2499,Net Banking,2026-01-03
OFF00708,236,118,4,2499,UPI,2026-01-01
OFF00709,721,104,4,999,UPI,2026-01-06
OFF00710,616,244,1,4999,UPI,2026-01-03
OFF00711,653,247,2,4999,UPI,2026-01-29
OFF00712,996,221,4,1499,UPI,2026-01-23
OFF00713,1061,272,4,999,Cash,2026-01-26
OFF00714,924,196,3,4999,Wallet,2026-01-30
OFF00715,238,295,1,2499,Debit Card,2026-01-16
OFF00716,713,120,1,1499,Net Banking,2026-01-14
OFF00717,827,132,2,499,Wallet,2026-01-26
OFF00718,108,4,1,4999,Cash,2026-01-21
OFF00719,471,106,3,2499,UPI,2026-01-05
OFF00720,976,219,3,1499,Net Banking,2026-01-14
OFF00721,383,290,3,4999,Wallet,2026-01-13
OFF00722,903,105,4,4999,Net Banking,2026-01-16
OFF00723,669,92,3,4999,Cash,2026-01-09
OFF00724,508,158,3,9999,Wallet,2026-01-05
OFF00725,902,61,2,2499,Wallet,2026-01-06
OFF00726,511,52,2,4999,Debit Card,2026-01-26
OFF00727,499,282,1,999,Wallet,2026-01-01
OFF00728,1049,47,2,2499,Net Banking,2026-01-14
OFF00729,328,46,1,1499,Debit Card,2026-01-03
OFF00730,729,20,4,2499,Wallet,2026-01-17
OFF00731,756,147,1,999,Cash,2026-01-15
OFF00732,1054,6,2,9999,Net Banking,2026-01-10
OFF00733,623,100,1,4999,Net Banking,2026-01-23
OFF00734,137,119,2,9999,Debit Card,2026-01-08
OFF00735,383,1,2,499,Cash,2026-01-12
OFF00736,306,203,4,4999,Net Banking,2026-01-01
OFF00737,392,36,1,4999,Wallet,2026-01-27
OFF00738,1087,287,3,1499,Debit Card,2026-01-08
OFF00739,689,100,4,2499,UPI,2026-01-09
OFF00740,210,90,4,4999,Net Banking,2026-01-03
OFF00741,1070,258,3,1499,UPI,2026-01-26
OFF00742,933,263,3,4999,Net Banking,2026-01-09
OFF00743,596,227,4,4999,Credit Card,2026-01-25
OFF00744,572,174,4,9999,Net Banking,2026-01-28
OFF00745,365,15,4,499,UPI,2026-01-13
OFF00746,523,113,2,1499,Debit Card,2026-01-17
OFF00747,953,275,1,9999,Debit Card,2026-01-08
OFF00748,790,148,1,2499,Wallet,2026-01-27
OFF00749,1054,176,1,4999,Credit Card,2026-01-16
OFF00750,1016,161,3,999,Net Banking,2026-01-09
OFF00751,855,94,2,2499,Credit Card,2026-01-08
OFF00752,335,124,3,999,Credit Card,2026-01-27
OFF00753,898,128,3,999,UPI,2026-01-04
OFF00754,107,41,4,4999,Net Banking,2026-01-02
OFF00755,423,247,3,4999,Cash,2026-01-29
OFF00756,288,295,3,2499,Net Banking,2026-01-09
OFF00757,232,204,2,4999,UPI,2026-01-17
OFF00758,134,217,4,4999,Net Banking,2026-01-12
OFF00759,1100,202,2,2499,UPI,2026-01-23
OFF00760,806,266,4,1499,UPI,2026-01-01
OFF00761,204,108,4,4999,Debit Card,2026-01-12
OFF00762,370,133,2,4999,Credit Card,2026-01-09
OFF00763,289,242,3,1499,Cash,2026-01-14
OFF00764,871,108,4,9999,Debit Card,2026-01-12
OFF00765,285,206,3,2499,Net Banking,2026-01-05
OFF00766,839,295,2,499,Debit Card,2026-01-26
OFF00767,301,121,4,2499,Credit Card,2026-01-26
OFF00768,281,77,4,499,Cash,2026-01-16
OFF00769,408,69,3,2499,Debit Card,2026-01-18
OFF00770,202,291,1,2499,Wallet,2026-01-06
OFF00771,588,31,2,1499,Wallet,2026-01-04
OFF00772,470,231,3,1499,Debit Card,2026-01-18
OFF00773,121,286,3,1499,Cash,2026-01-04
OFF00774,690,180,2,4999,Wallet,2026-01-21
OFF00775,464,276,2,1499,Debit Card,2026-01-22
OFF00776,558,262,4,9999,UPI,2026-01-13
OFF00777,1080,147,4,9999,Credit Card,2026-01-28
OFF00778,747,86,3,2499,Net Banking,2026-01-19
OFF00779,266,208,1,499,Debit Card,2026-01-08
OFF00780,399,161,3,9999,Wallet,2026-01-09
OFF00781,900,203,3,2499,Debit Card,2026-01-24
OFF00782,272,267,4,2499,Credit Card,2026-01-28
OFF00783,341,12,2,9999,Wallet,2026-01-09
OFF00784,507,41,2,999,UPI,2026-01-04
OFF00785,156,33,4,4999,UPI,2026-01-25
OFF00786,369,204,1,499,Net Banking,2026-01-05
OFF00787,335,44,4,1499,Credit Card,2026-01-24
OFF00788,230,146,4,9999,Credit Card,2026-01-17
OFF00789,780,88,1,499,Debit Card,2026-01-28
OFF00790,1099,167,4,2499,Net Banking,2026-01-30
OFF00791,1093,140,4,999,Wallet,2026-01-18
OFF00792,867,91,4,9999,Wallet,2026-01-29
OFF00793,756,289,4,4999,Wallet,2026-01-18
OFF00794,653,159,3,2499,Credit Card,2026-01-26
OFF00795,475,46,4,1499,Cash,2026-01-09
OFF00796,101,80,3,499,Net Banking,2026-01-27
OFF00797,581,70,3,1499,Net Banking,2026-01-01
OFF00798,110,252,4,1499,Cash,2026-01-26
OFF00799,662,150,2,499,Debit Card,2026-01-07
OFF00800,356,211,4,2499,Credit Card,2026-01-23
OFF00801,370,200,4,999,UPI,2026-01-14
OFF00802,765,123,3,1499,Wallet,2026-01-18
OFF00803,974,138,4,999,UPI,2026-01-06
OFF00804,753,70,3,499,Cash,2026-01-20
OFF00805,738,232,3,9999,Cash,2026-01-07
OFF00806,151,165,1,999,Net Banking,2026-01-01
OFF00807,376,96,1,1499,Credit Card,2026-01-23
OFF00808,193,225,1,999,Credit Card,2026-01-01
OFF00809,531,253,2,1499,Debit Card,2026-01-26
OFF00810,814,256,3,2499,UPI,2026-01-11
OFF00811,373,42,2,499,Cash,2026-01-03
OFF00812,297,279,4,999,Debit Card,2026-01-27
OFF00813,1098,196,1,499,Wallet,2026-01-08
OFF00814,856,198,4,999,UPI,2026-01-07
OFF00815,782,236,1,4999,Credit Card,2026-01-16
OFF00816,263,200,3,1499,Wallet,2026-01-24
OFF00817,593,22,1,1499,Wallet,2026-01-10
OFF00818,985,102,3,499,Wallet,2026-01-07
OFF00819,545,58,2,9999,Debit Card,2026-01-01
OFF00820,223,86,3,4999,Cash,2026-01-26
OFF00821,696,125,1,499,Wallet,2026-01-16
OFF00822,355,80,3,499,Credit Card,2026-01-16
OFF00823,162,47,3,9999,UPI,2026-01-12
OFF00824,600,79,1,999,Credit Card,2026-01-11
OFF00825,851,286,3,2499,Credit Card,2026-01-01
OFF00826,238,194,3,9999,Debit Card,2026-01-29
OFF00827,549,21,4,9999,Net Banking,2026-01-10
OFF00828,681,278,4,999,Credit Card,2026-01-18
OFF00829,580,179,3,9999,Debit Card,2026-01-28
OFF00830,644,284,2,499,Credit Card,2026-01-15
OFF00831,476,152,3,4999,Cash,2026-01-01
OFF00832,290,260,4,9999,UPI,2026-01-20
OFF00833,839,187,2,1499,UPI,2026-01-22
OFF00834,637,276,4,999,Wallet,2026-01-16
OFF00835,390,283,2,4999,Debit Card,2026-01-14
OFF00836,636,165,1,499,Wallet,2026-01-03
OFF00837,995,23,2,999,UPI,2026-01-07
OFF00838,202,55,4,999,UPI,2026-01-19
OFF00839,739,199,4,4999,Wallet,2026-01-19
OFF00840,327,132,1,1499,Net Banking,2026-01-23
OFF00841,772,37,1,999,Cash,2026-01-30
OFF00842,163,41,4,9999,Debit Card,2026-01-18
OFF00843,160,213,3,9999,Net Banking,2026-01-09
OFF00844,173,271,1,9999,Debit Card,2026-01-03
OFF00845,843,111,1,499,Credit Card,2026-01-18
OFF00846,639,198,2,999,Wallet,2026-01-08
OFF00847,868,292,2,4999,Net Banking,2026-01-14
OFF00848,570,55,3,9999,Wallet,2026-01-22
OFF00849,912,219,1,999,Credit Card,2026-01-18
OFF00850,262,206,3,9999,Net Banking,2026-01-20
OFF00851,664,227,3,1499,Debit Card,2026-01-28
OFF00852,541,191,4,9999,Wallet,2026-01-11
OFF00853,885,124,2,2499,Net Banking,2026-01-30
OFF00854,559,131,3,2499,Cash,2026-01-01
OFF00855,117,18,3,4999,Net Banking,2026-01-05
OFF00856,328,155,1,1499,Credit Card,2026-01-28
OFF00857,943,162,1,9999,Debit Card,2026-01-30
OFF00858,139,284,2,499,Cash,2026-01-12
OFF00859,476,80,2,1499,Net Banking,2026-01-08
OFF00860,195,120,3,1499,Net Banking,2026-01-13
OFF00861,180,292,2,9999,Wallet,2026-01-11
OFF00862,946,248,2,2499,Wallet,2026-01-23
OFF00863,758,296,1,4999,Debit Card,2026-01-02
OFF00864,899,296,4,499,UPI,2026-01-30
OFF00865,527,172,3,2499,UPI,2026-01-28
OFF00866,897,117,1,9999,Wallet,2026-01-13
OFF00867,143,28,3,4999,Debit Card,2026-01-18
OFF00868,615,290,2,1499,Wallet,2026-01-08
OFF00869,850,79,1,9999,Cash,2026-01-15
OFF00870,543,295,1,999,Debit Card,2026-01-26
OFF00871,445,202,2,999,UPI,2026-01-16
OFF00872,509,293,1,4999,Debit Card,2026-01-03
OFF00873,234,205,4,9999,Credit Card,2026-01-16
OFF00874,505,287,2,2499,Wallet,2026-01-19
OFF00875,174,101,2,999,Debit Card,2026-01-25
OFF00876,1047,221,3,9999,Net Banking,2026-01-03
OFF00877,475,58,4,2499,Debit Card,2026-01-07
OFF00878,772,165,3,4999,UPI,2026-01-25
OFF00879,732,157,2,1499,Cash,2026-01-20
OFF00880,1047,75,4,499,Credit Card,2026-01-07
OFF00881,974,192,2,9999,UPI,2026-01-04
OFF00882,1049,28,2,4999,Credit Card,2026-01-28
OFF00883,811,148,1,1499,UPI,2026-01-10
OFF00884,440,231,4,499,Credit Card,2026-01-24
OFF00885,660,276,2,999,Net Banking,2026-01-25
OFF00886,848,133,4,4999,Credit Card,2026-01-23
OFF00887,1028,10,4,4999,Wallet,2026-01-17
OFF00888,162,23,3,999,Debit Card,2026-01-07
OFF00889,771,139,1,2499,UPI,2026-01-03
OFF00890,973,199,3,9999,Wallet,2026-01-12
OFF00891,989,56,1,1499,Wallet,2026-01-13
OFF00892,827,119,4,4999,UPI,2026-01-29
OFF00893,645,162,4,4999,UPI,2026-01-06
OFF00894,1049,102,4,4999,Wallet,2026-01-01
OFF00895,413,21,2,4999,Debit Card,2026-01-16
OFF00896,456,202,2,499,Wallet,2026-01-12
OFF00897,614,182,3,999,Debit Card,2026-01-26
OFF00898,1012,32,3,2499,UPI,2026-01-18
OFF00899,450,144,2,999,Cash,2026-01-22
OFF00900,492,71,1,9999,Net Banking,2026-01-22
OFF00901,687,117,4,999,Credit Card,2026-01-14
OFF00902,656,160,3,2499,Credit Card,2026-01-07
OFF00903,417,71,2,999,Wallet,2026-01-23
OFF00904,1031,269,2,2499,Credit Card,2026-01-21
OFF00905,170,290,2,1499,Net Banking,2026-01-18
OFF00906,960,61,2,1499,Credit Card,2026-01-24
OFF00907,1085,16,3,2499,Cash,2026-01-10
OFF00908,898,227,3,999,Credit Card,2026-01-04
OFF00909,881,68,2,499,Net Banking,2026-01-20
OFF00910,338,137,2,4999,Credit Card,2026-01-22
OFF00911,805,14,3,499,Cash,2026-01-05
OFF00912,766,258,4,9999,Debit Card,2026-01-06
OFF00913,241,199,4,2499,Credit Card,2026-01-07
OFF00914,883,116,1,2499,UPI,2026-01-30
OFF00915,861,139,4,999,Wallet,2026-01-07
OFF00916,1050,105,1,999,Cash,2026-01-28
OFF00917,1009,251,3,2499,Credit Card,2026-01-14
OFF00918,853,208,1,4999,Cash,2026-01-24
OFF00919,1062,161,4,4999,Wallet,2026-01-19
OFF00920,212,275,1,4999,Cash,2026-01-15
OFF00921,651,22,2,4999,Cash,2026-01-24
OFF00922,884,21,4,4999,Wallet,2026-01-02
OFF00923,508,98,3,2499,Debit Card,2026-01-25
OFF00924,533,147,4,999,Debit Card,2026-01-20
OFF00925,950,28,2,2499,Wallet,2026-01-15
OFF00926,898,47,1,999,Net Banking,2026-01-29
OFF00927,524,280,2,2499,Debit Card,2026-01-15
OFF00928,705,13,2,2499,Wallet,2026-01-29
OFF00929,357,104,4,499,Debit Card,2026-01-23
OFF00930,217,84,1,499,Wallet,2026-01-15
OFF00931,825,186,1,4999,Cash,2026-01-24
OFF00932,664,262,2,2499,Cash,2026-01-02
OFF00933,993,88,3,4999,Wallet,2026-01-28
OFF00934,284,77,2,999,Wallet,2026-01-02
OFF00935,848,215,3,1499,Cash,2026-01-10
OFF00936,1084,93,1,999,Credit Card,2026-01-01
OFF00937,610,130,1,2499,Cash,2026-01-18
OFF00938,323,3,4,999,Net Banking,2026-01-22
OFF00939,553,244,4,2499,UPI,2026-01-20
OFF00940,385,4,2,4999,Net Banking,2026-01-21
OFF00941,290,286,2,499,Credit Card,2026-01-02
OFF00942,975,179,1,999,UPI,2026-01-22
OFF00943,1043,296,3,1499,UPI,2026-01-02
OFF00944,266,56,4,999,Wallet,2026-01-10
OFF00945,868,294,2,2499,Net Banking,2026-01-12
OFF00946,431,19,1,1499,Debit Card,2026-01-29
OFF00947,964,195,1,2499,Net Banking,2026-01-03
OFF00948,225,150,4,999,Wallet,2026-01-28
OFF00949,524,141,3,4999,Net Banking,2026-01-07
OFF00950,686,108,1,499,Wallet,2026-01-21
OFF00951,842,271,1,2499,Wallet,2026-01-20
OFF00952,969,148,4,4999,Debit Card,2026-01-09
OFF00953,730,270,3,999,Net Banking,2026-01-16
OFF00954,928,267,4,2499,Credit Card,2026-01-29
OFF00955,102,120,3,999,UPI,2026-01-01
OFF00956,969,239,1,9999,Credit Card,2026-01-26
OFF00957,442,213,4,499,Debit Card,2026-01-18
OFF00958,307,109,1,9999,Wallet,2026-01-10
OFF00959,408,131,1,1499,Net Banking,2026-01-18
OFF00960,803,166,1,499,Debit Card,2026-01-11
OFF00961,299,203,1,999,Debit Card,2026-01-27
OFF00962,917,174,4,2499,UPI,2026-01-21
OFF00963,743,70,4,999,Cash,2026-01-29
OFF00964,903,275,3,2499,Cash,2026-01-30
OFF00965,843,29,3,4999,Wallet,2026-01-11
OFF00966,692,285,1,999,Wallet,2026-01-11
OFF00967,388,182,1,999,UPI,2026-01-11
OFF00968,721,193,2,4999,Cash,2026-01-06
OFF00969,979,60,3,9999,Debit Card,2026-01-23
OFF00970,189,17,3,2499,Cash,2026-01-29
OFF00971,950,122,3,2499,Debit Card,2026-01-07
OFF00972,215,269,3,999,Debit Card,2026-01-26
OFF00973,555,20,2,499,Net Banking,2026-01-01
OFF00974,449,248,2,999,Cash,2026-01-24
OFF00975,247,269,3,1499,UPI,2026-01-27
OFF00976,842,265,2,999,UPI,2026-01-15
OFF00977,419,199,1,499,UPI,2026-01-22
OFF00978,1011,45,3,2499,UPI,2026-01-04
OFF00979,692,267,3,499,Debit Card,2026-01-21
OFF00980,298,108,3,999,Debit Card,2026-01-09
OFF00981,788,273,3,2499,UPI,2026-01-09
OFF00982,218,77,2,1499,UPI,2026-01-20
OFF00983,656,287,1,999,Debit Card,2026-01-18
OFF00984,1066,164,3,999,Wallet,2026-01-26
OFF00985,173,146,2,999,Debit Card,2026-01-20
OFF00986,234,174,4,499,UPI,2026-01-16
OFF00987,156,26,1,2499,UPI,2026-01-14
OFF00988,711,201,2,9999,Net Banking,2026-01-21
OFF00989,441,229,3,1499,Credit Card,2026-01-23
OFF00990,682,274,1,2499,Credit Card,2026-01-03
OFF00991,418,240,1,2499,Wallet,2026-01-21
OFF00992,1071,239,4,999,Credit Card,2026-01-05
OFF00993,288,133,3,2499,Wallet,2026-01-30
OFF00994,600,170,3,2499,UPI,2026-01-03
OFF00995,591,244,1,1499,Cash,2026-01-28
OFF00996,719,88,3,1499,Net Banking,2026-01-05
OFF00997,938,261,1,2499,Wallet,2026-01-26
OFF00998,766,55,3,4999,UPI,2026-01-26
OFF00999,705,155,4,2499,Cash,2026-01-08
OFF01000,494,125,2,2499,UPI,2026-01-11
OFF01001,681,107,4,2499,Debit Card,2026-01-18
OFF01002,786,121,2,9999,UPI,2026-01-24
OFF01003,707,294,4,499,Net Banking,2026-01-15
OFF01004,281,167,1,2499,Debit Card,2026-01-13
OFF01005,934,36,1,9999,Net Banking,2026-01-25
OFF01006,761,195,3,2499,Wallet,2026-01-02
OFF01007,1009,47,2,999,Net Banking,2026-01-29
OFF01008,253,1,2,9999,Cash,2026-01-18
OFF01009,692,150,4,4999,Cash,2026-01-07
OFF01010,684,106,3,1499,Wallet,2026-01-10
OFF01011,697,223,3,499,UPI,2026-01-20
OFF01012,973,262,4,999,Debit Card,2026-01-02
OFF01013,821,190,1,499,Net Banking,2026-01-27
OFF01014,987,184,1,1499,UPI,2026-01-08
OFF01015,426,222,4,9999,Wallet,2026-01-13
OFF01016,659,208,4,2499,Credit Card,2026-01-22
OFF01017,293,89,4,999,Net Banking,2026-01-13
OFF01018,396,185,4,999,Wallet,2026-01-05
OFF01019,764,69,1,499,UPI,2026-01-05
OFF01020,187,250,4,999,Credit Card,2026-01-21
OFF01021,719,213,4,9999,Cash,2026-01-20
OFF01022,535,93,4,4999,Net Banking,2026-01-27
OFF01023,332,231,4,1499,Credit Card,2026-01-14
OFF01024,343,4,4,9999,Wallet,2026-01-17
OFF01025,691,138,4,4999,Debit Card,2026-01-02
OFF01026,478,20,4,9999,UPI,2026-01-19
OFF01027,848,247,1,999,Wallet,2026-01-17
OFF01028,181,144,4,4999,Net Banking,2026-01-29
OFF01029,746,46,2,2499,Wallet,2026-01-22
OFF01030,155,40,3,4999,Debit Card,2026-01-18
OFF01031,625,6,4,2499,Cash,2026-01-19
OFF01032,1084,170,4,1499,Debit Card,2026-01-10
OFF01033,1046,86,1,9999,Net Banking,2026-01-24
OFF01034,745,156,3,499,Cash,2026-01-19
OFF01035,399,87,1,9999,Wallet,2026-01-20
OFF01036,185,14,3,2499,Credit Card,2026-01-17
OFF01037,236,40,3,1499,Net Banking,2026-01-09
OFF01038,860,141,3,499,UPI,2026-01-20
OFF01039,558,90,2,9999,Debit Card,2026-01-26
OFF01040,342,90,3,9999,Cash,2026-01-06
OFF01041,187,271,1,1499,Credit Card,2026-01-20
OFF01042,889,79,4,2499,Cash,2026-01-08
OFF01043,692,226,2,999,Wallet,2026-01-27
OFF01044,371,177,1,9999,UPI,2026-01-02
OFF01045,588,86,4,2499,Debit Card,2026-01-16
OFF01046,800,273,2,2499,Wallet,2026-01-13
OFF01047,644,243,3,999,Cash,2026-01-01
OFF01048,795,148,4,2499,Debit Card,2026-01-17
OFF01049,753,22,1,4999,Debit Card,2026-01-28
OFF01050,377,222,3,1499,Debit Card,2026-01-26
OFF01051,699,51,3,9999,Cash,2026-01-15
OFF01052,446,124,2,4999,Wallet,2026-01-23
OFF01053,111,93,3,4999,Wallet,2026-01-01
OFF01054,201,35,1,2499,Net Banking,2026-01-04
OFF01055,843,229,3,999,Debit Card,2026-01-09
OFF01056,735,99,1,499,UPI,2026-01-02
OFF01057,1081,112,1,9999,UPI,2026-01-03
OFF01058,883,67,4,9999,Wallet,2026-01-19
OFF01059,289,95,1,9999,Debit Card,2026-01-10
OFF01060,565,240,1,9999,Debit Card,2026-01-25
OFF01061,266,219,3,1499,UPI,2026-01-09
OFF01062,441,32,4,2499,UPI,2026-01-09
OFF01063,172,136,2,2499,Cash,2026-01-30
OFF01064,761,103,4,999,Cash,2026-01-04
OFF01065,729,74,4,999,Wallet,2026-01-04
OFF01066,136,227,3,499,UPI,2026-01-03
OFF01067,120,293,3,2499,Cash,2026-01-05
OFF01068,500,1,1,9999,Debit Card,2026-01-05
OFF01069,104,169,4,4999,Net Banking,2026-01-23
OFF01070,514,252,4,2499,Wallet,2026-01-25
OFF01071,494,36,2,499,Wallet,2026-01-27
OFF01072,649,247,1,4999,Debit Card,2026-01-11
OFF01073,748,156,4,499,Wallet,2026-01-03
OFF01074,962,188,3,499,Cash,2026-01-25
OFF01075,668,149,2,999,UPI,2026-01-13
OFF01076,500,98,3,9999,UPI,2026-01-21
OFF01077,1007,184,4,499,Wallet,2026-01-15
OFF01078,298,98,2,499,UPI,2026-01-24
OFF01079,165,123,4,2499,Net Banking,2026-01-21
OFF01080,1089,158,4,4999,Cash,2026-01-01
OFF01081,446,19,3,499,Wallet,2026-01-02
OFF01082,927,208,1,999,Wallet,2026-01-22
OFF01083,992,268,4,9999,Net Banking,2026-01-05
OFF01084,138,297,2,499,Wallet,2026-01-05
OFF01085,1029,251,1,2499,Net Banking,2026-01-02
OFF01086,277,125,2,499,Wallet,2026-01-02
OFF01087,726,158,1,2499,Credit Card,2026-01-27
OFF01088,610,33,1,499,Net Banking,2026-01-26
OFF01089,537,113,1,999,Debit Card,2026-01-26
OFF01090,1100,206,3,499,Wallet,2026-01-19
OFF01091,957,280,2,1499,Credit Card,2026-01-25
OFF01092,165,24,2,1499,UPI,2026-01-09
OFF01093,814,73,4,999,Debit Card,2026-01-18
OFF01094,1048,85,4,999,Net Banking,2026-01-02
OFF01095,728,69,1,9999,Cash,2026-01-25
OFF01096,183,81,1,2499,UPI,2026-01-01
OFF01097,768,92,1,9999,Net Banking,2026-01-29
OFF01098,927,146,4,9999,Cash,2026-01-23
OFF01099,756,65,2,999,Debit Card,2026-01-17
OFF01100,1061,231,4,999,Credit Card,2026-01-20
OFF01101,612,20,2,9999,Net Banking,2026-01-03
OFF01102,105,155,3,2499,Net Banking,2026-01-08
OFF01103,198,99,1,4999,Net Banking,2026-01-12
OFF01104,889,277,2,2499,Wallet,2026-01-22
OFF01105,299,107,3,499,UPI,2026-01-26
OFF01106,281,77,4,2499,Credit Card,2026-01-22
OFF01107,473,23,1,9999,Debit Card,2026-01-07
OFF01108,732,223,3,1499,Cash,2026-01-02
OFF01109,281,54,1,4999,Credit Card,2026-01-26
OFF01110,219,15,4,4999,UPI,2026-01-29
OFF01111,694,121,4,4999,Debit Card,2026-01-14
OFF01112,898,102,3,999,UPI,2026-01-11
OFF01113,856,117,1,999,Cash,2026-01-28
OFF01114,176,103,4,999,Cash,2026-01-19
OFF01115,249,249,1,2499,Credit Card,2026-01-30
OFF01116,483,233,2,2499,Credit Card,2026-01-15
OFF01117,308,100,3,1499,Debit Card,2026-01-05
OFF01118,240,17,1,1499,UPI,2026-01-28
OFF01119,276,239,4,2499,Debit Card,2026-01-08
OFF01120,1076,152,2,9999,Net Banking,2026-01-29
OFF01121,522,88,2,499,Net Banking,2026-01-16
OFF01122,386,111,4,2499,UPI,2026-01-24
OFF01123,436,220,2,999,Cash,2026-01-19
OFF01124,1020,114,2,4999,UPI,2026-01-14
OFF01125,852,23,1,2499,Net Banking,2026-01-02
OFF01126,930,218,4,2499,Wallet,2026-01-27
OFF01127,347,51,4,2499,UPI,2026-01-18
OFF01128,236,7,4,999,Debit Card,2026-01-10
OFF01129,592,123,1,499,Wallet,2026-01-10
OFF01130,866,83,4,4999,Net Banking,2026-01-01
OFF01131,996,233,4,999,Wallet,2026-01-13
OFF01132,576,95,3,9999,Wallet,2026-01-21
OFF01133,1015,1,1,2499,Wallet,2026-01-11
OFF01134,537,272,1,1499,Debit Card,2026-01-23
OFF01135,183,278,2,9999,Net Banking,2026-01-29
OFF01136,1069,172,1,4999,Wallet,2026-01-12
OFF01137,475,27,1,2499,Cash,2026-01-20
OFF01138,280,21,3,1499,Wallet,2026-01-18
OFF01139,443,35,2,999,Credit Card,2026-01-18
OFF01140,1062,59,4,9999,Net Banking,2026-01-28
OFF01141,462,108,2,1499,Debit Card,2026-01-17
OFF01142,165,217,3,499,Debit Card,2026-01-12
OFF01143,640,232,4,4999,UPI,2026-01-16
OFF01144,736,273,3,2499,Debit Card,2026-01-26
OFF01145,190,34,2,2499,UPI,2026-01-13
OFF01146,212,92,3,499,Credit Card,2026-01-09
OFF01147,255,58,2,2499,Credit Card,2026-01-17
OFF01148,1093,12,3,2499,Wallet,2026-01-18
OFF01149,531,68,4,1499,Cash,2026-01-24
OFF01150,165,11,3,999,UPI,2026-01-28
OFF01151,693,119,3,2499,Debit Card,2026-01-21
OFF01152,782,168,4,4999,Wallet,2026-01-17
OFF01153,412,281,4,2499,Net Banking,2026-01-05
OFF01154,333,157,2,1499,Cash,2026-01-12
OFF01155,462,148,1,999,Debit Card,2026-01-15
OFF01156,649,86,2,9999,Debit Card,2026-01-06
OFF01157,344,90,2,999,UPI,2026-01-02
OFF01158,367,163,2,2499,Debit Card,2026-01-06
OFF01159,425,106,1,9999,Debit Card,2026-01-05
OFF01160,1099,191,4,4999,Credit Card,2026-01-18
OFF01161,515,155,1,499,Cash,2026-01-25
OFF01162,260,75,4,1499,UPI,2026-01-24
OFF01163,823,280,3,9999,Debit Card,2026-01-16
OFF01164,847,149,2,4999,Cash,2026-01-11
OFF01165,243,58,4,499,Wallet,2026-01-18
OFF01166,512,60,3,499,Net Banking,2026-01-27
OFF01167,195,113,4,1499,Debit Card,2026-01-02
OFF01168,301,100,2,1499,UPI,2026-01-03
OFF01169,788,276,4,9999,UPI,2026-01-17
OFF01170,426,202,2,2499,Net Banking,2026-01-20
OFF01171,470,262,1,9999,Cash,2026-01-05
OFF01172,482,219,3,2499,UPI,2026-01-10
OFF01173,557,177,3,1499,Net Banking,2026-01-03
OFF01174,526,111,4,9999,Cash,2026-01-10
OFF01175,1018,84,4,9999,Cash,2026-01-05
OFF01176,411,45,2,999,Cash,2026-01-28
OFF01177,1056,269,3,499,Net Banking,2026-01-25
OFF01178,520,193,1,499,Wallet,2026-01-30
OFF01179,670,140,4,999,Cash,2026-01-23
OFF01180,291,291,2,999,Cash,2026-01-10
OFF01181,943,284,4,499,Debit Card,2026-01-27
OFF01182,673,300,3,2499,Wallet,2026-01-15
OFF01183,258,115,1,499,Debit Card,2026-01-10
OFF01184,782,242,1,9999,Debit Card,2026-01-14
OFF01185,761,92,4,9999,Credit Card,2026-01-01
OFF01186,1094,62,3,2499,UPI,2026-01-20
OFF01187,547,186,4,4999,Debit Card,2026-01-21
OFF01188,625,244,1,1499,Wallet,2026-01-19
OFF01189,696,9,3,999,UPI,2026-01-05
OFF01190,239,164,4,9999,Debit Card,2026-01-06
OFF01191,530,28,3,1499,Wallet,2026-01-30
OFF01192,399,183,1,1499,Net Banking,2026-01-21
OFF01193,288,40,2,9999,UPI,2026-01-20
OFF01194,947,86,3,1499,Wallet,2026-01-26
OFF01195,815,155,3,9999,Wallet,2026-01-12
OFF01196,114,50,3,999,Credit Card,2026-01-17
OFF01197,522,145,3,2499,Debit Card,2026-01-30
OFF01198,259,84,1,999,Net Banking,2026-01-08
OFF01199,572,97,1,2499,UPI,2026-01-04
OFF01200,457,68,1,2499,Debit Card,2026-01-23
OFF01201,1012,186,2,2499,Net Banking,2026-01-17
OFF01202,412,176,2,9999,UPI,2026-01-24
OFF01203,978,61,2,999,Wallet,2026-01-05
OFF01204,315,117,3,999,Credit Card,2026-01-03
OFF01205,120,218,1,499,Cash,2026-01-25
OFF01206,211,221,1,999,UPI,2026-01-26
OFF01207,222,263,1,2499,Debit Card,2026-01-02
OFF01208,111,34,3,9999,UPI,2026-01-26
OFF01209,1023,64,2,4999,Credit Card,2026-01-06
OFF01210,250,180,1,499,Wallet,2026-01-09
OFF01211,265,297,3,1499,Net Banking,2026-01-25
OFF01212,940,124,1,499,Net Banking,2026-01-25
OFF01213,297,8,2,9999,Debit Card,2026-01-06
OFF01214,202,276,1,9999,Credit Card,2026-01-30
OFF01215,815,259,4,1499,Net Banking,2026-01-06
OFF01216,955,226,1,999,Debit Card,2026-01-13
OFF01217,334,218,2,4999,Cash,2026-01-04
OFF01218,213,161,1,2499,Net Banking,2026-01-05
OFF01219,396,254,3,9999,Net Banking,2026-01-24
OFF01220,606,21,1,1499,UPI,2026-01-13
OFF01221,854,146,4,4999,Debit Card,2026-01-22
OFF01222,518,228,2,4999,Debit Card,2026-01-28
OFF01223,1017,220,2,499,Cash,2026-01-22
OFF01224,791,189,2,499,Cash,2026-01-22
OFF01225,636,54,4,2499,Wallet,2026-01-22
OFF01226,505,44,1,999,Cash,2026-01-23
OFF01227,473,53,2,499,Credit Card,2026-01-11
OFF01228,339,103,4,499,Cash,2026-01-24
OFF01229,885,256,3,9999,Net Banking,2026-01-19
OFF01230,588,140,4,1499,Wallet,2026-01-20
OFF01231,386,208,4,4999,Credit Card,2026-01-25
OFF01232,357,233,1,499,Cash,2026-01-16
OFF01233,202,119,2,499,Wallet,2026-01-02
OFF01234,128,35,4,9999,Credit Card,2026-01-13
OFF01235,737,168,2,1499,Net Banking,2026-01-04
OFF01236,307,40,4,2499,Debit Card,2026-01-22
OFF01237,368,255,4,4999,Net Banking,2026-01-11
OFF01238,541,277,1,499,UPI,2026-01-13
OFF01239,554,231,3,2499,Cash,2026-01-02
OFF01240,776,17,2,4999,Debit Card,2026-01-29
OFF01241,238,85,4,2499,Debit Card,2026-01-23
OFF01242,683,200,4,499,Wallet,2026-01-16
OFF01243,676,284,4,2499,Credit Card,2026-01-17
OFF01244,607,29,4,1499,Net Banking,2026-01-13
OFF01245,163,181,3,1499,UPI,2026-01-19
OFF01246,458,24,2,1499,Wallet,2026-01-19
OFF01247,200,14,3,2499,Cash,2026-01-12
OFF01248,158,183,4,1499,Wallet,2026-01-08
OFF01249,420,127,2,9999,Net Banking,2026-01-03
OFF01250,446,34,3,499,Credit Card,2026-01-01
OFF01251,572,276,3,499,Wallet,2026-01-28
OFF01252,121,217,4,1499,Wallet,2026-01-16
OFF01253,685,12,3,2499,Cash,2026-01-11
OFF01254,203,294,1,2499,Wallet,2026-01-22
OFF01255,615,106,3,2499,Wallet,2026-01-11
OFF01256,1093,86,3,1499,Cash,2026-01-07
OFF01257,320,255,1,4999,Debit Card,2026-01-09
OFF01258,512,25,3,4999,Credit Card,2026-01-20
OFF01259,445,48,1,4999,Debit Card,2026-01-03
OFF01260,315,291,4,2499,Debit Card,2026-01-26
OFF01261,924,40,3,4999,Debit Card,2026-01-14
OFF01262,525,277,3,999,Cash,2026-01-09
OFF01263,882,264,4,9999,Net Banking,2026-01-06
OFF01264,612,10,2,4999,Credit Card,2026-01-22
OFF01265,646,240,3,9999,Net Banking,2026-01-28
OFF01266,306,223,1,4999,Debit Card,2026-01-15
OFF01267,865,76,2,999,Wallet,2026-01-25
OFF01268,427,154,4,2499,UPI,2026-01-21
OFF01269,944,105,4,1499,Debit Card,2026-01-21
OFF01270,716,83,3,9999,Credit Card,2026-01-13
OFF01271,297,123,1,999,UPI,2026-01-08
OFF01272,674,159,4,2499,Cash,2026-01-14
OFF01273,380,19,2,999,Credit Card,2026-01-01
OFF01274,664,133,3,9999,Credit Card,2026-01-21
OFF01275,157,22,4,499,UPI,2026-01-11
OFF01276,1019,153,1,2499,Debit Card,2026-01-22
OFF01277,963,47,4,9999,Credit Card,2026-01-08
OFF01278,781,58,1,4999,Net Banking,2026-01-25
OFF01279,1006,269,3,2499,UPI,2026-01-08
OFF01280,953,63,3,1499,Net Banking,2026-01-24
OFF01281,324,200,2,2499,Credit Card,2026-01-04
OFF01282,551,90,2,1499,Cash,2026-01-09
OFF01283,484,29,4,4999,Wallet,2026-01-04
OFF01284,800,163,4,2499,Credit Card,2026-01-09
OFF01285,833,75,3,2499,Debit Card,2026-01-27
OFF01286,1091,158,1,9999,Net Banking,2026-01-02
OFF01287,666,28,2,1499,Cash,2026-01-10
OFF01288,988,186,1,4999,Credit Card,2026-01-28
OFF01289,1032,227,4,499,Cash,2026-01-30
OFF01290,1059,131,3,499,Credit Card,2026-01-10
OFF01291,747,108,2,2499,Debit Card,2026-01-29
OFF01292,988,209,1,1499,UPI,2026-01-27
OFF01293,523,252,4,9999,Debit Card,2026-01-23
OFF01294,816,217,1,999,Debit Card,2026-01-17
OFF01295,717,34,3,2499,Wallet,2026-01-27
OFF01296,812,281,3,2499,UPI,2026-01-25
OFF01297,555,27,2,9999,Wallet,2026-01-05
OFF01298,744,2,4,999,Debit Card,2026-01-11
OFF01299,262,295,1,499,Credit Card,2026-01-17
OFF01300,563,67,4,1499,Cash,2026-01-28
OFF01301,804,69,3,999,Net Banking,2026-01-27
OFF01302,187,168,3,999,Cash,2026-01-12
OFF01303,1068,94,4,2499,Net Banking,2026-01-08
OFF01304,763,11,1,4999,Net Banking,2026-01-21
OFF01305,304,118,1,2499,Debit Card,2026-01-23
OFF01306,733,87,1,2499,Cash,2026-01-20
OFF01307,1082,134,2,499,Debit Card,2026-01-06
OFF01308,836,291,1,499,Net Banking,2026-01-14
OFF01309,330,233,4,499,Wallet,2026-01-07
OFF01310,865,98,3,1499,Cash,2026-01-13
OFF01311,715,67,4,999,Credit Card,2026-01-27
OFF01312,285,145,2,2499,Cash,2026-01-26
OFF01313,1100,75,1,1499,Debit Card,2026-01-08
OFF01314,697,231,2,1499,Wallet,2026-01-21
OFF01315,581,235,1,499,Credit Card,2026-01-28
OFF01316,318,166,4,9999,Wallet,2026-01-13
OFF01317,198,217,3,499,Net Banking,2026-01-02
OFF01318,583,27,3,999,Debit Card,2026-01-20
OFF01319,617,24,1,1499,Net Banking,2026-01-13
OFF01320,480,155,4,9999,Credit Card,2026-01-29
OFF01321,284,287,1,4999,Debit Card,2026-01-06
OFF01322,999,258,4,1499,Cash,2026-01-05
OFF01323,644,46,3,9999,Cash,2026-01-05
OFF01324,146,134,1,1499,Credit Card,2026-01-16
OFF01325,390,144,3,2499,Debit Card,2026-01-20
OFF01326,1015,136,3,2499,Credit Card,2026-01-11
OFF01327,974,252,2,4999,Wallet,2026-01-21
OFF01328,253,226,1,999,UPI,2026-01-08
OFF01329,367,94,1,2499,Credit Card,2026-01-23
OFF01330,1017,240,4,499,Cash,2026-01-02
OFF01331,675,227,3,9999,Cash,2026-01-15
OFF01332,988,253,1,9999,Credit Card,2026-01-04
OFF01333,990,179,1,999,Debit Card,2026-01-06
OFF01334,1013,87,3,4999,Wallet,2026-01-19
OFF01335,886,109,1,4999,Net Banking,2026-01-06
OFF01336,887,214,1,999,Cash,2026-01-22
OFF01337,392,49,3,499,Wallet,2026-01-22
OFF01338,705,63,4,1499,UPI,2026-01-27
OFF01339,184,166,2,499,Cash,2026-01-27
OFF01340,1079,246,4,9999,Debit Card,2026-01-20
OFF01341,772,3,3,499,Net Banking,2026-01-15
OFF01342,984,167,2,999,UPI,2026-01-26
OFF01343,862,145,3,499,UPI,2026-01-18
OFF01344,362,196,1,2499,Credit Card,2026-01-08
OFF01345,973,205,1,499,Credit Card,2026-01-06
OFF01346,763,199,4,1499,Wallet,2026-01-05
OFF01347,921,62,3,2499,Cash,2026-01-24
OFF01348,782,159,2,1499,UPI,2026-01-27
OFF01349,557,189,2,2499,Cash,2026-01-16
OFF01350,875,138,4,499,Cash,2026-01-26
OFF01351,746,189,2,2499,Cash,2026-01-03
OFF01352,793,21,3,2499,Credit Card,2026-01-21
OFF01353,745,80,4,4999,Wallet,2026-01-17
OFF01354,548,43,3,2499,UPI,2026-01-30
OFF01355,231,245,3,999,Wallet,2026-01-29
OFF01356,538,154,2,4999,Debit Card,2026-01-19
OFF01357,626,25,1,499,UPI,2026-01-17
OFF01358,576,218,4,499,Wallet,2026-01-24
OFF01359,361,292,3,1499,Net Banking,2026-01-03
OFF01360,859,258,1,499,Wallet,2026-01-15
OFF01361,147,92,2,2499,UPI,2026-01-14
OFF01362,842,153,3,4999,Cash,2026-01-25
OFF01363,1090,231,3,1499,Credit Card,2026-01-07
OFF01364,719,95,1,9999,Debit Card,2026-01-28
OFF01365,119,55,4,4999,UPI,2026-01-13
OFF01366,772,60,1,999,Cash,2026-01-15
OFF01367,734,208,4,1499,Net Banking,2026-01-12
OFF01368,229,203,3,499,Credit Card,2026-01-01
OFF01369,813,98,1,499,Credit Card,2026-01-28
OFF01370,765,14,2,2499,Credit Card,2026-01-21
OFF01371,979,124,4,9999,Net Banking,2026-01-07
OFF01372,252,45,3,2499,Cash,2026-01-14
OFF01373,1025,12,1,999,Credit Card,2026-01-24
OFF01374,121,228,4,2499,Cash,2026-01-19
OFF01375,684,125,2,1499,Cash,2026-01-02
OFF01376,746,171,1,499,Wallet,2026-01-14
OFF01377,693,213,4,9999,Net Banking,2026-01-24
OFF01378,600,284,3,499,Cash,2026-01-16
OFF01379,832,263,4,999,UPI,2026-01-17
OFF01380,424,10,4,4999,Net Banking,2026-01-03
OFF01381,220,138,4,2499,Cash,2026-01-20
OFF01382,547,178,4,9999,UPI,2026-01-06
OFF01383,453,148,2,2499,Cash,2026-01-08
OFF01384,1031,260,2,4999,Wallet,2026-01-11
OFF01385,841,240,2,1499,Wallet,2026-01-13
OFF01386,919,214,3,2499,Credit Card,2026-01-20
OFF01387,868,107,3,9999,UPI,2026-01-22
OFF01388,305,248,2,999,Credit Card,2026-01-20
OFF01389,1066,252,1,2499,Cash,2026-01-10
OFF01390,149,121,2,4999,UPI,2026-01-12
OFF01391,263,134,3,9999,Credit Card,2026-01-27
OFF01392,446,258,1,499,Cash,2026-01-04
OFF01393,330,117,1,4999,Cash,2026-01-09
OFF01394,889,175,3,499,Net Banking,2026-01-09
OFF01395,152,78,1,9999,Cash,2026-01-26
OFF01396,901,235,1,499,Net Banking,2026-01-20
OFF01397,208,53,1,4999,Credit Card,2026-01-21
OFF01398,261,61,2,1499,Wallet,2026-01-10
OFF01399,992,227,4,9999,UPI,2026-01-05
OFF01400,226,187,3,999,Credit Card,2026-01-15
OFF01401,955,213,1,999,Cash,2026-01-11
OFF01402,373,147,2,499,Debit Card,2026-01-23
OFF01403,781,213,3,9999,Credit Card,2026-01-05
OFF01404,242,272,4,999,Cash,2026-01-14
OFF01405,914,210,4,4999,Wallet,2026-01-12
OFF01406,889,16,4,999,UPI,2026-01-23
OFF01407,447,265,1,499,Debit Card,2026-01-13
OFF01408,503,85,4,499,UPI,2026-01-22
OFF01409,831,78,1,9999,Wallet,2026-01-29
OFF01410,512,267,3,2499,Wallet,2026-01-23
OFF01411,861,284,3,9999,Debit Card,2026-01-30
OFF01412,1022,177,1,1499,Net Banking,2026-01-20
OFF01413,760,76,4,2499,Credit Card,2026-01-29
OFF01414,454,279,4,9999,Wallet,2026-01-13
OFF01415,138,102,3,499,Net Banking,2026-01-11
OFF01416,654,200,2,4999,Debit Card,2026-01-07
OFF01417,449,48,3,4999,Wallet,2026-01-06
OFF01418,707,12,1,4999,Debit Card,2026-01-08
OFF01419,214,156,4,4999,Wallet,2026-01-02
OFF01420,620,191,3,9999,Debit Card,2026-01-04
OFF01421,406,25,1,2499,Net Banking,2026-01-24
OFF01422,342,3,4,1499,Wallet,2026-01-19
OFF01423,407,290,2,1499,Debit Card,2026-01-22
OFF01424,487,294,2,9999,Net Banking,2026-01-24
OFF01425,629,127,1,1499,Net Banking,2026-01-07
OFF01426,251,185,4,499,Wallet,2026-01-14
OFF01427,164,211,1,499,Cash,2026-01-29
OFF01428,557,67,4,999,UPI,2026-01-12
OFF01429,673,270,4,4999,Net Banking,2026-01-25
OFF01430,611,203,3,4999,Wallet,2026-01-14
OFF01431,1097,226,4,9999,Cash,2026-01-27
OFF01432,231,84,2,4999,Cash,2026-01-23
OFF01433,626,235,2,9999,Net Banking,2026-01-04
OFF01434,134,109,4,2499,Wallet,2026-01-06
OFF01435,717,287,3,499,Cash,2026-01-04
OFF01436,397,62,3,4999,UPI,2026-01-17
OFF01437,413,79,1,1499,Debit Card,2026-01-10
OFF01438,911,151,4,499,Credit Card,2026-01-05
OFF01439,1011,216,1,1499,Debit Card,2026-01-07
OFF01440,226,94,4,499,Net Banking,2026-01-12
OFF01441,593,35,1,2499,Net Banking,2026-01-10
OFF01442,901,290,4,1499,Cash,2026-01-16
OFF01443,752,68,2,4999,Cash,2026-01-25
OFF01444,988,231,4,999,Wallet,2026-01-11
OFF01445,339,46,4,2499,Cash,2026-01-11
OFF01446,1012,277,1,9999,Cash,2026-01-24
OFF01447,825,143,1,999,UPI,2026-01-19
OFF01448,673,159,1,9999,UPI,2026-01-07
OFF01449,635,278,1,4999,Credit Card,2026-01-25
OFF01450,775,244,1,499,Net Banking,2026-01-06
OFF01451,352,10,3,999,Wallet,2026-01-27
OFF01452,927,297,4,499,Net Banking,2026-01-20
OFF01453,147,165,4,4999,Cash,2026-01-28
OFF01454,285,12,3,2499,Cash,2026-01-01
OFF01455,364,271,3,2499,UPI,2026-01-04
OFF01456,248,51,2,1499,Credit Card,2026-01-09
OFF01457,1076,46,2,1499,Cash,2026-01-22
OFF01458,1085,87,1,4999,Debit Card,2026-01-06
OFF01459,500,14,1,1499,UPI,2026-01-11
OFF01460,365,73,4,1499,Cash,2026-01-27
OFF01461,346,62,1,999,Net Banking,2026-01-19
OFF01462,871,122,4,4999,Net Banking,2026-01-13
OFF01463,426,59,3,499,Cash,2026-01-18
OFF01464,130,209,1,2499,Cash,2026-01-21
OFF01465,668,120,1,1499,Net Banking,2026-01-22
OFF01466,768,52,2,4999,Credit Card,2026-01-10
OFF01467,186,291,4,2499,Wallet,2026-01-17
OFF01468,654,105,2,1499,Credit Card,2026-01-26
OFF01469,563,126,4,4999,UPI,2026-01-01
OFF01470,1096,238,3,9999,Credit Card,2026-01-01
OFF01471,713,31,4,1499,Debit Card,2026-01-27
OFF01472,318,195,3,9999,Net Banking,2026-01-27
OFF01473,266,262,3,499,Wallet,2026-01-18
OFF01474,192,289,1,1499,Cash,2026-01-23
OFF01475,670,63,2,9999,Debit Card,2026-01-29
OFF01476,617,222,2,4999,Debit Card,2026-01-29
OFF01477,564,176,3,9999,Debit Card,2026-01-08
OFF01478,571,165,3,999,Net Banking,2026-01-11
OFF01479,1045,9,2,9999,UPI,2026-01-20
OFF01480,789,244,1,499,Credit Card,2026-01-14
OFF01481,652,285,4,2499,UPI,2026-01-26
OFF01482,556,40,1,9999,Wallet,2026-01-04
OFF01483,467,181,4,4999,Cash,2026-01-06
OFF01484,480,5,1,2499,Credit Card,2026-01-15
OFF01485,121,5,2,9999,Debit Card,2026-01-22
OFF01486,936,184,2,499,Net Banking,2026-01-21
OFF01487,606,156,2,999,Debit Card,2026-01-02
OFF01488,824,144,4,9999,Net Banking,2026-01-07
OFF01489,506,4,2,9999,UPI,2026-01-28
OFF01490,666,143,4,999,Credit Card,2026-01-22
OFF01491,703,290,2,499,Credit Card,2026-01-24
OFF01492,1056,34,2,1499,Net Banking,2026-01-28
OFF01493,969,117,3,999,Wallet,2026-01-01
OFF01494,674,273,3,9999,Cash,2026-01-01
OFF01495,543,219,1,1499,Cash,2026-01-09
OFF01496,471,63,4,2499,Net Banking,2026-01-25
OFF01497,385,23,2,499,Cash,2026-01-18
OFF01498,502,230,3,499,Credit Card,2026-01-11
OFF01499,332,42,1,9999,Wallet,2026-01-14
OFF01500,269,39,2,999,Debit Card,2026-01-10
OFF01501,592,33,1,499,Cash,2026-01-26
OFF01502,354,13,3,1499,UPI,2026-01-16
OFF01503,942,123,3,499,Debit Card,2026-01-17
OFF01504,735,122,1,4999,Cash,2026-01-25
OFF01505,228,49,4,4999,UPI,2026-01-02
OFF01506,1012,18,4,1499,Wallet,2026-01-03
OFF01507,157,66,1,2499,Debit Card,2026-01-20
OFF01508,794,222,1,499,UPI,2026-01-18
OFF01509,512,27,3,2499,UPI,2026-01-20
OFF01510,907,211,2,4999,Wallet,2026-01-20
OFF01511,576,6,4,2499,Cash,2026-01-29
OFF01512,1061,52,3,9999,Wallet,2026-01-26
OFF01513,437,14,4,4999,Net Banking,2026-01-07
OFF01514,710,56,1,499,Wallet,2026-01-03
OFF01515,622,100,2,9999,Debit Card,2026-01-12
OFF01516,736,216,4,9999,Cash,2026-01-06
OFF01517,162,125,2,499,Credit Card,2026-01-10
OFF01518,1083,300,4,4999,Wallet,2026-01-25
OFF01519,1007,184,3,4999,Net Banking,2026-01-25
OFF01520,417,75,2,2499,Net Banking,2026-01-11
OFF01521,631,150,3,499,Net Banking,2026-01-22
OFF01522,620,75,1,999,Net Banking,2026-01-28
OFF01523,301,28,4,1499,Credit Card,2026-01-21
OFF01524,294,104,1,1499,Wallet,2026-01-16
OFF01525,680,240,3,4999,Debit Card,2026-01-20
OFF01526,267,154,4,1499,UPI,2026-01-15
OFF01527,1043,22,4,999,UPI,2026-01-21
OFF01528,739,115,2,2499,Credit Card,2026-01-08
OFF01529,485,247,3,9999,Credit Card,2026-01-13
OFF01530,111,95,1,1499,UPI,2026-01-12
OFF01531,398,16,1,999,Cash,2026-01-07
OFF01532,1099,300,3,499,UPI,2026-01-07
OFF01533,325,102,3,999,Debit Card,2026-01-24
OFF01534,352,90,3,4999,Credit Card,2026-01-07
OFF01535,1033,12,2,1499,UPI,2026-01-01
OFF01536,907,71,4,9999,UPI,2026-01-11
OFF01537,346,108,3,2499,Debit Card,2026-01-26
OFF01538,919,191,2,4999,Net Banking,2026-01-29
OFF01539,248,223,1,499,Credit Card,2026-01-26
OFF01540,488,98,2,4999,Wallet,2026-01-12
OFF01541,351,163,4,9999,UPI,2026-01-25
OFF01542,436,97,3,999,Credit Card,2026-01-02
OFF01543,1092,144,2,4999,Net Banking,2026-01-29
OFF01544,184,251,2,9999,Cash,2026-01-26
OFF01545,498,34,2,4999,Wallet,2026-01-25
OFF01546,632,261,3,2499,Cash,2026-01-06
OFF01547,812,165,3,4999,Cash,2026-01-23
OFF01548,696,254,4,1499,Cash,2026-01-21
OFF01549,325,299,1,999,Credit Card,2026-01-15
OFF01550,414,121,4,999,Cash,2026-01-29
OFF01551,361,194,2,1499,Net Banking,2026-01-03
OFF01552,556,69,1,1499,Net Banking,2026-01-12
OFF01553,625,118,1,2499,Net Banking,2026-01-11
OFF01554,543,219,4,2499,Cash,2026-01-12
OFF01555,492,255,3,1499,UPI,2026-01-06
OFF01556,761,227,2,1499,UPI,2026-01-12
OFF01557,626,43,3,4999,Net Banking,2026-01-21
OFF01558,201,41,3,999,UPI,2026-01-03
OFF01559,306,185,1,4999,Debit Card,2026-01-07
OFF01560,864,169,3,1499,Wallet,2026-01-28
OFF01561,719,141,2,9999,Credit Card,2026-01-28
OFF01562,889,279,3,499,Debit Card,2026-01-10
OFF01563,942,178,4,2499,Net Banking,2026-01-25
OFF01564,625,7,4,9999,Credit Card,2026-01-28
OFF01565,841,204,2,999,Wallet,2026-01-07
OFF01566,702,243,2,4999,Net Banking,2026-01-25
OFF01567,911,240,4,1499,UPI,2026-01-11
OFF01568,528,97,4,9999,Credit Card,2026-01-15
OFF01569,243,231,1,1499,Net Banking,2026-01-28
OFF01570,110,66,3,9999,Cash,2026-01-26
OFF01571,530,182,3,999,Cash,2026-01-22
OFF01572,702,207,3,1499,UPI,2026-01-19
OFF01573,1076,17,2,999,Debit Card,2026-01-19
OFF01574,310,294,4,2499,Cash,2026-01-03
OFF01575,587,274,4,999,UPI,2026-01-11
OFF01576,1017,292,4,9999,Debit Card,2026-01-03
OFF01577,667,88,1,9999,Credit Card,2026-01-02
OFF01578,304,251,1,999,UPI,2026-01-30
OFF01579,339,198,3,999,Debit Card,2026-01-22
OFF01580,159,269,1,2499,Debit Card,2026-01-17
OFF01581,981,6,2,1499,Cash,2026-01-13
OFF01582,650,81,1,999,Cash,2026-01-16
OFF01583,234,36,4,999,Credit Card,2026-01-10
OFF01584,719,222,4,999,Net Banking,2026-01-10
OFF01585,307,104,4,1499,UPI,2026-01-05
OFF01586,720,229,1,2499,Credit Card,2026-01-17
OFF01587,574,169,4,2499,Net Banking,2026-01-02
OFF01588,1003,47,3,9999,Cash,2026-01-12
OFF01589,944,153,4,4999,Credit Card,2026-01-14
OFF01590,851,128,2,4999,Cash,2026-01-15
OFF01591,683,197,2,9999,UPI,2026-01-13
OFF01592,381,23,2,999,Wallet,2026-01-18
OFF01593,844,150,1,9999,Wallet,2026-01-29
OFF01594,881,112,4,2499,Net Banking,2026-01-04
OFF01595,617,189,1,499,Debit Card,2026-01-14
OFF01596,313,231,2,1499,Net Banking,2026-01-02
OFF01597,755,237,1,499,Wallet,2026-01-22
OFF01598,864,237,4,1499,Cash,2026-01-28
OFF01599,111,100,4,499,Debit Card,2026-01-04
OFF01600,867,70,3,9999,Cash,2026-01-16
OFF01601,662,237,1,499,Wallet,2026-01-08
OFF01602,941,225,2,2499,Debit Card,2026-01-27
OFF01603,722,83,2,499,UPI,2026-01-06
OFF01604,860,151,1,4999,Cash,2026-01-06
OFF01605,380,40,1,9999,Credit Card,2026-01-15
OFF01606,832,184,2,999,UPI,2026-01-29
OFF01607,814,273,2,2499,UPI,2026-01-27
OFF01608,807,268,1,2499,Debit Card,2026-01-15
OFF01609,891,27,1,499,Cash,2026-01-25
OFF01610,1031,104,2,1499,Credit Card,2026-01-07
OFF01611,129,47,1,2499,UPI,2026-01-11
OFF01612,1082,99,1,999,UPI,2026-01-26
OFF01613,526,86,2,499,Net Banking,2026-01-04
OFF01614,742,168,3,4999,Credit Card,2026-01-20
OFF01615,224,107,4,2499,Credit Card,2026-01-07
OFF01616,278,55,3,1499,UPI,2026-01-13
OFF01617,318,162,1,2499,Cash,2026-01-08
OFF01618,739,34,3,9999,Debit Card,2026-01-02
OFF01619,409,35,2,2499,Net Banking,2026-01-16
OFF01620,1083,53,2,1499,UPI,2026-01-20
OFF01621,1047,167,4,9999,Wallet,2026-01-05
OFF01622,880,171,2,9999,Wallet,2026-01-11
OFF01623,119,247,1,1499,Net Banking,2026-01-30
OFF01624,624,300,4,2499,Wallet,2026-01-24
OFF01625,122,120,1,999,Net Banking,2026-01-25
OFF01626,856,64,3,999,Cash,2026-01-25
OFF01627,241,125,1,499,Debit Card,2026-01-16
OFF01628,485,152,2,999,Credit Card,2026-01-21
OFF01629,713,20,2,9999,Cash,2026-01-24
OFF01630,426,169,2,1499,Wallet,2026-01-26
OFF01631,933,21,4,9999,Debit Card,2026-01-25
OFF01632,440,13,2,9999,Debit Card,2026-01-08
OFF01633,355,106,1,9999,Wallet,2026-01-23
OFF01634,430,114,4,4999,Credit Card,2026-01-15
OFF01635,172,4,1,2499,Credit Card,2026-01-02
OFF01636,194,73,2,999,Credit Card,2026-01-19
OFF01637,620,282,2,999,UPI,2026-01-14
OFF01638,839,240,3,999,Credit Card,2026-01-08
OFF01639,355,218,2,4999,Debit Card,2026-01-10
OFF01640,307,296,4,9999,Debit Card,2026-01-28
OFF01641,508,247,1,1499,Cash,2026-01-06
OFF01642,618,242,4,2499,Net Banking,2026-01-24
OFF01643,121,222,2,2499,Cash,2026-01-14
OFF01644,651,43,3,4999,Credit Card,2026-01-18
OFF01645,575,90,3,2499,Debit Card,2026-01-15
OFF01646,721,146,4,4999,Cash,2026-01-03
OFF01647,581,171,2,9999,Credit Card,2026-01-05
OFF01648,983,98,1,499,Net Banking,2026-01-24
OFF01649,1048,192,4,2499,Cash,2026-01-13
OFF01650,416,192,4,2499,Wallet,2026-01-19
OFF01651,1044,37,4,499,UPI,2026-01-13
OFF01652,882,290,2,999,Cash,2026-01-09
OFF01653,806,179,4,9999,Debit Card,2026-01-23
OFF01654,854,30,4,2499,Credit Card,2026-01-08
OFF01655,747,245,1,1499,Wallet,2026-01-22
OFF01656,720,15,2,1499,Cash,2026-01-22
OFF01657,717,76,3,999,Net Banking,2026-01-22
OFF01658,890,83,1,499,UPI,2026-01-21
OFF01659,701,197,4,9999,UPI,2026-01-17
OFF01660,950,97,4,999,Cash,2026-01-09
OFF01661,416,155,4,4999,Wallet,2026-01-14
OFF01662,687,46,1,9999,Debit Card,2026-01-27
OFF01663,315,74,3,9999,Wallet,2026-01-13
OFF01664,936,158,1,999,Cash,2026-01-01
OFF01665,528,50,1,9999,Net Banking,2026-01-14
OFF01666,281,148,4,999,Debit Card,2026-01-06
OFF01667,287,69,2,2499,Net Banking,2026-01-04
OFF01668,306,231,2,999,UPI,2026-01-24
OFF01669,1024,94,2,1499,Cash,2026-01-15
OFF01670,401,56,2,499,UPI,2026-01-13
OFF01671,451,64,3,499,UPI,2026-01-19
OFF01672,789,121,4,2499,UPI,2026-01-01
OFF01673,782,32,3,499,Net Banking,2026-01-26
OFF01674,635,22,1,999,UPI,2026-01-13
OFF01675,585,267,3,2499,Debit Card,2026-01-20
OFF01676,799,220,3,1499,Debit Card,2026-01-11
OFF01677,509,123,3,9999,Cash,2026-01-20
OFF01678,926,30,3,1499,UPI,2026-01-01
OFF01679,956,234,4,9999,Credit Card,2026-01-01
OFF01680,870,63,3,9999,Credit Card,2026-01-12
OFF01681,524,232,4,4999,Wallet,2026-01-07
OFF01682,749,2,3,499,Debit Card,2026-01-28
OFF01683,555,24,3,9999,Credit Card,2026-01-20
OFF01684,728,249,4,9999,UPI,2026-01-12
OFF01685,978,220,4,9999,Wallet,2026-01-29
OFF01686,722,52,4,1499,Credit Card,2026-01-23
OFF01687,610,74,1,999,UPI,2026-01-10
OFF01688,1018,281,4,999,Cash,2026-01-04
OFF01689,317,247,2,999,Credit Card,2026-01-25
OFF01690,833,46,1,2499,UPI,2026-01-06
OFF01691,326,168,4,1499,Wallet,2026-01-09
OFF01692,240,244,1,9999,Net Banking,2026-01-21
OFF01693,441,252,1,9999,Credit Card,2026-01-30
OFF01694,452,295,1,9999,Cash,2026-01-30
OFF01695,329,196,4,999,Debit Card,2026-01-04
OFF01696,192,149,1,499,Debit Card,2026-01-24
OFF01697,477,97,1,4999,Credit Card,2026-01-28
OFF01698,855,161,4,4999,UPI,2026-01-10
OFF01699,534,32,2,2499,Debit Card,2026-01-25
OFF01700,780,187,2,4999,Net Banking,2026-01-19
OFF01701,110,114,1,2499,Net Banking,2026-01-28
OFF01702,936,236,3,999,Debit Card,2026-01-27
OFF01703,567,113,4,9999,Credit Card,2026-01-20
OFF01704,782,146,2,9999,Wallet,2026-01-02
OFF01705,806,164,3,4999,UPI,2026-01-09
OFF01706,949,294,4,9999,Credit Card,2026-01-16
OFF01707,930,150,4,499,Debit Card,2026-01-05
OFF01708,854,108,2,9999,UPI,2026-01-30
OFF01709,502,92,4,9999,Debit Card,2026-01-27
OFF01710,502,82,1,4999,Debit Card,2026-01-14
OFF01711,501,243,3,2499,UPI,2026-01-17
OFF01712,1046,145,3,9999,Credit Card,2026-01-23
OFF01713,235,281,4,499,Debit Card,2026-01-25
OFF01714,412,298,1,9999,Cash,2026-01-21
OFF01715,813,84,2,2499,Cash,2026-01-10
OFF01716,924,75,2,999,Wallet,2026-01-07
OFF01717,977,5,3,9999,Net Banking,2026-01-04
OFF01718,796,76,4,2499,Credit Card,2026-01-30
OFF01719,1098,29,1,1499,Cash,2026-01-06
OFF01720,766,27,1,4999,Debit Card,2026-01-19
OFF01721,840,223,2,9999,Cash,2026-01-08
OFF01722,507,18,1,999,Cash,2026-01-10
OFF01723,915,89,4,9999,Wallet,2026-01-22
OFF01724,492,46,4,9999,Debit Card,2026-01-21
OFF01725,223,228,3,499,UPI,2026-01-03
OFF01726,785,63,4,9999,Net Banking,2026-01-08
OFF01727,811,12,4,1499,Wallet,2026-01-04
OFF01728,761,93,4,2499,Wallet,2026-01-14
OFF01729,434,153,2,499,UPI,2026-01-23
OFF01730,933,276,2,2499,Wallet,2026-01-01
OFF01731,632,202,4,499,Net Banking,2026-01-18
OFF01732,1020,64,2,9999,UPI,2026-01-06
OFF01733,558,93,1,4999,Debit Card,2026-01-04
OFF01734,312,21,2,4999,Wallet,2026-01-06
OFF01735,187,45,3,499,UPI,2026-01-17
OFF01736,276,153,3,4999,Cash,2026-01-22
OFF01737,148,1,2,1499,Net Banking,2026-01-29
OFF01738,691,151,4,999,Cash,2026-01-23
OFF01739,652,161,3,4999,Net Banking,2026-01-07
OFF01740,138,51,1,999,Credit Card,2026-01-05
OFF01741,717,154,2,999,Net Banking,2026-01-07
OFF01742,847,184,3,999,Net Banking,2026-01-14
OFF01743,491,39,3,1499,Wallet,2026-01-29
OFF01744,186,84,4,2499,Debit Card,2026-01-22
OFF01745,309,218,2,4999,UPI,2026-01-21
OFF01746,482,138,2,9999,Net Banking,2026-01-22
OFF01747,942,262,2,2499,Credit Card,2026-01-11
OFF01748,1088,223,4,499,Net Banking,2026-01-08
OFF01749,645,40,3,499,UPI,2026-01-22
OFF01750,438,281,4,499,Wallet,2026-01-03
OFF01751,250,186,3,1499,Credit Card,2026-01-09
OFF01752,1093,6,1,2499,Credit Card,2026-01-13
OFF01753,640,54,1,999,Wallet,2026-01-29
OFF01754,642,157,4,499,Debit Card,2026-01-23
OFF01755,378,293,3,4999,Net Banking,2026-01-04
OFF01756,1070,25,2,1499,Cash,2026-01-06
OFF01757,707,177,4,2499,Credit Card,2026-01-09
OFF01758,230,5,2,9999,Credit Card,2026-01-13
OFF01759,1041,291,3,499,Wallet,2026-01-21
OFF01760,724,190,2,9999,Cash,2026-01-23
OFF01761,463,235,2,2499,Cash,2026-01-17
OFF01762,634,147,3,2499,Wallet,2026-01-29
OFF01763,979,118,3,9999,UPI,2026-01-10
OFF01764,750,209,3,499,UPI,2026-01-03
OFF01765,690,123,1,999,UPI,2026-01-03
OFF01766,1086,147,4,499,Cash,2026-01-22
OFF01767,610,261,2,2499,Net Banking,2026-01-22
OFF01768,115,273,1,2499,Net Banking,2026-01-07
OFF01769,648,4,4,9999,Wallet,2026-01-12
OFF01770,560,126,1,4999,Credit Card,2026-01-22
OFF01771,177,269,2,999,Debit Card,2026-01-27
OFF01772,533,69,3,499,Cash,2026-01-13
OFF01773,447,88,3,499,Wallet,2026-01-08
OFF01774,407,277,1,1499,Cash,2026-01-10
OFF01775,856,136,2,499,Wallet,2026-01-19
OFF01776,1052,202,2,1499,Wallet,2026-01-17
OFF01777,969,19,4,4999,Cash,2026-01-02
OFF01778,572,183,1,4999,Debit Card,2026-01-10
OFF01779,459,182,1,499,Wallet,2026-01-06
OFF01780,204,206,3,499,Cash,2026-01-16
OFF01781,627,102,1,4999,Credit Card,2026-01-14
OFF01782,260,64,4,499,Wallet,2026-01-09
OFF01783,484,116,4,2499,Debit Card,2026-01-12
OFF01784,932,220,2,4999,Debit Card,2026-01-04
OFF01785,244,225,4,999,Debit Card,2026-01-24
OFF01786,1005,223,1,1499,Wallet,2026-01-07
OFF01787,142,57,2,1499,Credit Card,2026-01-13
OFF01788,265,216,3,499,Wallet,2026-01-07
OFF01789,532,246,3,499,Cash,2026-01-18
OFF01790,870,254,2,1499,Cash,2026-01-17
OFF01791,1081,200,2,499,UPI,2026-01-26
OFF01792,453,11,2,999,Net Banking,2026-01-01
OFF01793,950,122,1,9999,Debit Card,2026-01-14
OFF01794,397,5,4,2499,Debit Card,2026-01-16
OFF01795,733,43,4,999,Credit Card,2026-01-24
OFF01796,388,262,2,999,UPI,2026-01-28
OFF01797,941,135,2,9999,Cash,2026-01-07
OFF01798,848,243,1,9999,Net Banking,2026-01-20
OFF01799,745,93,2,4999,Wallet,2026-01-05
OFF01800,511,118,1,999,UPI,2026-01-09
OFF01801,119,99,2,2499,Net Banking,2026-01-07
OFF01802,518,47,1,2499,Net Banking,2026-01-10
OFF01803,537,119,2,1499,Cash,2026-01-02
OFF01804,153,262,4,9999,Debit Card,2026-01-04
OFF01805,1066,138,3,1499,Debit Card,2026-01-23
OFF01806,1017,215,2,1499,UPI,2026-01-06
OFF01807,777,21,1,499,Wallet,2026-01-11
OFF01808,387,109,3,2499,Net Banking,2026-01-04
OFF01809,1072,221,2,1499,Cash,2026-01-12
OFF01810,200,172,3,499,Wallet,2026-01-01
OFF01811,470,283,2,1499,Wallet,2026-01-26
OFF01812,766,186,3,999,Debit Card,2026-01-07
OFF01813,1009,300,4,499,UPI,2026-01-05
OFF01814,1092,62,1,4999,Wallet,2026-01-27
OFF01815,557,98,2,9999,UPI,2026-01-03
OFF01816,843,280,3,1499,Cash,2026-01-25
OFF01817,231,104,2,499,Credit Card,2026-01-14
OFF01818,1099,282,3,4999,Debit Card,2026-01-29
OFF01819,835,188,4,9999,UPI,2026-01-30
OFF01820,530,224,1,2499,Net Banking,2026-01-30
OFF01821,714,258,1,999,Debit Card,2026-01-23
OFF01822,1079,67,3,499,Net Banking,2026-01-02
OFF01823,802,98,4,2499,Net Banking,2026-01-28
OFF01824,549,263,1,999,Net Banking,2026-01-13
OFF01825,722,288,4,2499,Debit Card,2026-01-07
OFF01826,686,95,1,999,Credit Card,2026-01-19
OFF01827,825,5,4,4999,Wallet,2026-01-17
OFF01828,404,133,3,999,Wallet,2026-01-09
OFF01829,330,283,1,999,UPI,2026-01-18
OFF01830,755,122,3,499,Credit Card,2026-01-29
OFF01831,995,143,2,1499,UPI,2026-01-21
OFF01832,219,128,2,4999,UPI,2026-01-21
OFF01833,186,178,3,1499,Wallet,2026-01-29
OFF01834,237,282,3,9999,Cash,2026-01-29
OFF01835,741,151,3,499,UPI,2026-01-27
OFF01836,1089,183,2,9999,Debit Card,2026-01-06
OFF01837,774,132,1,4999,Net Banking,2026-01-04
OFF01838,750,196,3,9999,Net Banking,2026-01-18
OFF01839,433,106,4,999,Debit Card,2026-01-07
OFF01840,557,298,4,999,Credit Card,2026-01-24
OFF01841,1024,223,3,999,Cash,2026-01-03
OFF01842,290,254,2,2499,Credit Card,2026-01-07
OFF01843,285,292,4,9999,Wallet,2026-01-10
OFF01844,1007,11,3,999,Credit Card,2026-01-27
OFF01845,247,202,2,499,UPI,2026-01-14
OFF01846,1094,126,4,9999,Cash,2026-01-04
OFF01847,869,270,2,9999,UPI,2026-01-20
OFF01848,122,52,4,2499,UPI,2026-01-27
OFF01849,355,7,1,999,UPI,2026-01-09
OFF01850,1081,74,1,499,UPI,2026-01-18
OFF01851,243,174,1,999,Cash,2026-01-25
OFF01852,415,289,4,999,Debit Card,2026-01-16
OFF01853,657,80,2,499,Wallet,2026-01-09
OFF01854,945,279,1,499,UPI,2026-01-04
OFF01855,624,279,3,499,Cash,2026-01-05
OFF01856,333,1,2,499,Cash,2026-01-13
OFF01857,394,76,3,9999,Credit Card,2026-01-30
OFF01858,274,197,1,2499,UPI,2026-01-08
OFF01859,179,53,3,1499,Net Banking,2026-01-11
OFF01860,1018,61,3,499,UPI,2026-01-20
OFF01861,644,78,2,2499,Debit Card,2026-01-20
OFF01862,1015,93,4,999,Wallet,2026-01-22
OFF01863,997,155,3,1499,UPI,2026-01-09
OFF01864,931,256,3,1499,Wallet,2026-01-26
OFF01865,897,40,1,999,Wallet,2026-01-05
OFF01866,558,164,2,2499,Wallet,2026-01-26
OFF01867,692,245,1,499,Cash,2026-01-24
OFF01868,431,143,2,499,Credit Card,2026-01-06
OFF01869,607,198,3,1499,Cash,2026-01-16
OFF01870,922,212,3,999,Wallet,2026-01-30
OFF01871,663,126,4,2499,Cash,2026-01-18
OFF01872,650,274,4,4999,Credit Card,2026-01-13
OFF01873,692,43,4,4999,Wallet,2026-01-26
OFF01874,471,113,1,999,UPI,2026-01-07
OFF01875,586,9,3,4999,Credit Card,2026-01-30
OFF01876,470,57,1,1499,Credit Card,2026-01-10
OFF01877,1096,236,2,4999,Cash,2026-01-08
OFF01878,865,108,2,499,Credit Card,2026-01-04
OFF01879,127,74,4,9999,Wallet,2026-01-14
OFF01880,209,191,1,9999,Wallet,2026-01-19
OFF01881,992,38,4,4999,Credit Card,2026-01-01
OFF01882,181,76,3,999,Credit Card,2026-01-03
OFF01883,884,7,4,999,Credit Card,2026-01-16
OFF01884,522,72,3,2499,Wallet,2026-01-11
OFF01885,214,228,1,1499,Credit Card,2026-01-02
OFF01886,265,17,2,4999,UPI,2026-01-13
OFF01887,829,217,4,4999,Debit Card,2026-01-30
OFF01888,333,293,3,9999,Cash,2026-01-30
OFF01889,635,81,3,499,Cash,2026-01-05
OFF01890,158,109,4,4999,Credit Card,2026-01-13
OFF01891,580,95,1,9999,Cash,2026-01-11
OFF01892,156,208,4,999,Debit Card,2026-01-21
OFF01893,212,218,2,1499,UPI,2026-01-03
OFF01894,346,186,3,499,Debit Card,2026-01-06
OFF01895,317,278,1,499,Net Banking,2026-01-01
OFF01896,307,159,2,4999,Wallet,2026-01-30
OFF01897,188,17,2,1499,Net Banking,2026-01-19
OFF01898,150,23,4,499,Debit Card,2026-01-03
OFF01899,870,159,1,1499,Debit Card,2026-01-13
OFF01900,870,257,2,1499,Cash,2026-01-24
OFF01901,791,183,2,9999,UPI,2026-01-11
OFF01902,927,209,1,4999,Credit Card,2026-01-01
OFF01903,990,196,4,4999,UPI,2026-01-10
OFF01904,575,83,2,9999,UPI,2026-01-29
OFF01905,927,48,2,999,Wallet,2026-01-21
OFF01906,629,73,2,4999,Wallet,2026-01-20
OFF01907,905,268,3,2499,Credit Card,2026-01-11
OFF01908,977,149,3,4999,Cash,2026-01-02
OFF01909,726,199,2,999,Net Banking,2026-01-03
OFF01910,925,79,4,499,UPI,2026-01-05
OFF01911,197,159,1,2499,Cash,2026-01-11
OFF01912,170,87,3,999,Debit Card,2026-01-19
OFF01913,173,187,3,499,Credit Card,2026-01-23
OFF01914,363,236,3,2499,Cash,2026-01-21
OFF01915,600,72,1,4999,UPI,2026-01-12
OFF01916,978,147,4,2499,Net Banking,2026-01-30
OFF01917,625,67,4,1499,Net Banking,2026-01-11
OFF01918,524,192,1,9999,Net Banking,2026-01-15
OFF01919,760,135,1,4999,UPI,2026-01-24
OFF01920,974,126,1,999,UPI,2026-01-10
OFF01921,509,193,2,4999,UPI,2026-01-08
OFF01922,196,199,4,9999,Debit Card,2026-01-15
OFF01923,188,240,4,499,Credit Card,2026-01-24
OFF01924,305,56,4,2499,Cash,2026-01-11
OFF01925,719,34,3,1499,Cash,2026-01-07
OFF01926,566,244,1,1499,UPI,2026-01-18
OFF01927,756,80,4,999,Credit Card,2026-01-11
OFF01928,893,291,1,4999,Cash,2026-01-02
OFF01929,319,186,4,2499,UPI,2026-01-07
OFF01930,359,12,4,1499,Wallet,2026-01-06
OFF01931,381,43,2,499,Cash,2026-01-03
OFF01932,638,153,4,2499,Credit Card,2026-01-22
OFF01933,195,133,2,499,Cash,2026-01-11
OFF01934,458,153,2,999,Cash,2026-01-16
OFF01935,548,244,2,9999,Debit Card,2026-01-30
OFF01936,675,293,4,499,Net Banking,2026-01-07
OFF01937,781,40,2,1499,Wallet,2026-01-24
OFF01938,1019,163,1,999,Cash,2026-01-30
OFF01939,217,76,4,1499,Wallet,2026-01-14
OFF01940,1066,135,1,2499,Credit Card,2026-01-21
OFF01941,324,231,1,499,Wallet,2026-01-07
OFF01942,487,216,2,4999,Credit Card,2026-01-12
OFF01943,691,108,2,9999,UPI,2026-01-12
OFF01944,1019,187,1,1499,Debit Card,2026-01-17
OFF01945,567,64,4,9999,Cash,2026-01-14
OFF01946,537,181,3,4999,Net Banking,2026-01-25
OFF01947,570,172,1,999,Cash,2026-01-12
OFF01948,547,91,2,4999,Cash,2026-01-10
OFF01949,736,224,3,9999,UPI,2026-01-03
OFF01950,117,54,1,9999,Net Banking,2026-01-30
OFF01951,868,211,1,2499,Net Banking,2026-01-30
OFF01952,555,279,1,9999,Net Banking,2026-01-19
OFF01953,317,17,3,2499,Credit Card,2026-01-25
OFF01954,301,233,4,499,Cash,2026-01-04
OFF01955,1030,180,4,2499,Wallet,2026-01-23
OFF01956,901,203,1,1499,Credit Card,2026-01-17
OFF01957,371,146,3,9999,Debit Card,2026-01-27
OFF01958,1022,213,2,499,Cash,2026-01-02
OFF01959,910,8,1,999,Debit Card,2026-01-27
OFF01960,275,266,3,1499,Net Banking,2026-01-14
OFF01961,732,124,4,999,Wallet,2026-01-13
OFF01962,1062,27,4,999,Wallet,2026-01-13
OFF01963,630,89,4,1499,Credit Card,2026-01-14
OFF01964,921,119,1,9999,Credit Card,2026-01-17
OFF01965,1039,61,4,9999,Debit Card,2026-01-27
OFF01966,309,284,2,1499,UPI,2026-01-03
OFF01967,744,14,4,499,Net Banking,2026-01-05
OFF01968,492,15,1,4999,UPI,2026-01-24
OFF01969,747,67,4,9999,Debit Card,2026-01-06
OFF01970,299,123,2,1499,Net Banking,2026-01-27
OFF01971,776,126,4,1499,UPI,2026-01-09
OFF01972,124,43,2,9999,Wallet,2026-01-19
OFF01973,1050,53,1,2499,Net Banking,2026-01-04
OFF01974,369,55,2,1499,Credit Card,2026-01-03
OFF01975,1035,40,4,1499,Credit Card,2026-01-13
OFF01976,524,52,4,499,UPI,2026-01-16
OFF01977,530,40,2,9999,Cash,2026-01-29
OFF01978,285,161,4,999,Debit Card,2026-01-01
OFF01979,1100,92,1,499,Debit Card,2026-01-12
OFF01980,635,248,1,999,Wallet,2026-01-09
OFF01981,131,63,2,4999,Net Banking,2026-01-01
OFF01982,988,266,2,999,Debit Card,2026-01-04
OFF01983,242,112,1,1499,Credit Card,2026-01-03
OFF01984,594,65,3,1499,Credit Card,2026-01-03
OFF01985,864,179,3,2499,Cash,2026-01-14
OFF01986,357,263,4,999,Credit Card,2026-01-07
OFF01987,698,144,4,499,Net Banking,2026-01-10
OFF01988,600,85,2,9999,Cash,2026-01-29
OFF01989,866,229,4,4999,Debit Card,2026-01-27
OFF01990,493,164,1,4999,Cash,2026-01-07
OFF01991,1020,291,3,1499,Wallet,2026-01-27
OFF01992,1011,33,4,999,UPI,2026-01-17
OFF01993,719,130,4,1499,Wallet,2026-01-17
OFF01994,218,181,4,499,Credit Card,2026-01-26
OFF01995,467,166,4,999,Credit Card,2026-01-03
OFF01996,249,111,3,1499,Debit Card,2026-01-04
OFF01997,112,5,3,9999,Wallet,2026-01-11
OFF01998,915,110,4,4999,Debit Card,2026-01-29
OFF01999,391,120,1,2499,Net Banking,2026-01-07
OFF02000,675,270,2,499,Debit Card,2026-01-23
OFF02001,875,39,4,9999,Cash,2026-01-11
OFF02002,151,164,2,999,Cash,2026-01-16
OFF02003,223,24,3,2499,UPI,2026-01-15
OFF02004,493,88,3,4999,Credit Card,2026-01-19
OFF02005,760,11,3,499,Net Banking,2026-01-01
OFF02006,962,237,3,999,Cash,2026-01-02
OFF02007,761,274,1,1499,UPI,2026-01-03
OFF02008,841,241,1,2499,Debit Card,2026-01-09
OFF02009,182,163,3,2499,Net Banking,2026-01-25
OFF02010,149,161,4,4999,Cash,2026-01-10
OFF02011,1091,233,4,9999,UPI,2026-01-27
OFF02012,330,192,1,499,UPI,2026-01-27
OFF02013,431,6,2,499,Wallet,2026-01-24
OFF02014,191,224,2,999,Credit Card,2026-01-24
OFF02015,989,189,1,9999,UPI,2026-01-09
OFF02016,1070,23,1,499,Debit Card,2026-01-03
OFF02017,728,136,3,9999,Cash,2026-01-09
OFF02018,572,88,2,4999,UPI,2026-01-05
OFF02019,1010,164,2,4999,Cash,2026-01-21
OFF02020,641,229,1,4999,Credit Card,2026-01-19
OFF02021,430,245,4,1499,Wallet,2026-01-16
OFF02022,885,116,1,1499,Debit Card,2026-01-23
OFF02023,956,43,3,4999,Credit Card,2026-01-22
OFF02024,1096,106,1,499,Cash,2026-01-02
OFF02025,322,109,1,9999,Cash,2026-01-27
OFF02026,208,198,2,2499,Debit Card,2026-01-07
OFF02027,826,271,3,1499,Cash,2026-01-21
OFF02028,325,79,1,999,Debit Card,2026-01-13
OFF02029,293,232,2,2499,UPI,2026-01-09
OFF02030,415,217,2,9999,Net Banking,2026-01-21
OFF02031,998,53,2,2499,UPI,2026-01-24
OFF02032,1016,57,2,499,Cash,2026-01-06
OFF02033,778,137,1,2499,Net Banking,2026-01-15
OFF02034,1050,181,3,499,Net Banking,2026-01-03
OFF02035,255,182,4,999,Cash,2026-01-17
OFF02036,552,221,3,499,Debit Card,2026-01-12
OFF02037,492,51,1,9999,Wallet,2026-01-30
OFF02038,294,217,2,1499,Cash,2026-01-06
OFF02039,544,142,4,4999,UPI,2026-01-22
OFF02040,325,26,2,499,UPI,2026-01-02
OFF02041,168,19,3,999,Net Banking,2026-01-04
OFF02042,817,142,2,4999,Wallet,2026-01-13
OFF02043,326,201,4,499,Wallet,2026-01-27
OFF02044,276,138,4,999,Credit Card,2026-01-12
OFF02045,104,148,3,9999,UPI,2026-01-06
OFF02046,413,258,4,9999,Wallet,2026-01-08
OFF02047,172,88,3,9999,Credit Card,2026-01-06
OFF02048,1086,171,4,999,UPI,2026-01-22
OFF02049,122,243,4,1499,Credit Card,2026-01-09
OFF02050,879,40,2,9999,UPI,2026-01-20
OFF02051,102,181,4,4999,Cash,2026-01-28
OFF02052,147,127,4,499,UPI,2026-01-19
OFF02053,616,149,2,4999,Credit Card,2026-01-25
OFF02054,412,76,1,499,Wallet,2026-01-11
OFF02055,460,232,4,9999,Net Banking,2026-01-09
OFF02056,570,250,3,1499,UPI,2026-01-27
OFF02057,442,181,3,9999,Net Banking,2026-01-25
OFF02058,803,248,1,1499,Net Banking,2026-01-24
OFF02059,977,11,2,2499,Credit Card,2026-01-22
OFF02060,132,73,3,2499,Credit Card,2026-01-19
OFF02061,863,221,3,999,UPI,2026-01-07
OFF02062,999,194,1,1499,Wallet,2026-01-22
OFF02063,280,279,4,4999,Debit Card,2026-01-30
OFF02064,704,179,3,2499,Cash,2026-01-09
OFF02065,694,159,2,499,Net Banking,2026-01-23
OFF02066,915,176,1,2499,Cash,2026-01-19
OFF02067,1093,178,3,499,UPI,2026-01-16
OFF02068,254,76,4,9999,Net Banking,2026-01-10
OFF02069,599,286,2,1499,Debit Card,2026-01-03
OFF02070,142,151,1,2499,Credit Card,2026-01-10
OFF02071,414,64,1,2499,UPI,2026-01-14
OFF02072,358,181,1,499,Credit Card,2026-01-12
OFF02073,831,146,2,499,Debit Card,2026-01-05
OFF02074,1041,101,4,4999,UPI,2026-01-10
OFF02075,1056,113,1,2499,Debit Card,2026-01-08
OFF02076,1091,198,4,2499,UPI,2026-01-29
OFF02077,419,134,3,4999,Credit Card,2026-01-19
OFF02078,243,224,3,4999,Wallet,2026-01-25
OFF02079,527,103,3,999,Net Banking,2026-01-07
OFF02080,405,155,3,499,Net Banking,2026-01-30
OFF02081,902,237,2,2499,Cash,2026-01-04
OFF02082,421,71,4,9999,Net Banking,2026-01-30
OFF02083,538,184,4,1499,Cash,2026-01-14
OFF02084,1035,211,4,499,Net Banking,2026-01-01
OFF02085,730,216,1,999,Debit Card,2026-01-26
OFF02086,736,125,3,999,Net Banking,2026-01-29
OFF02087,874,290,3,499,Cash,2026-01-05
OFF02088,927,207,1,2499,Net Banking,2026-01-15
OFF02089,377,28,1,499,Wallet,2026-01-04
OFF02090,680,171,1,1499,Cash,2026-01-23
OFF02091,859,170,1,499,Net Banking,2026-01-22
OFF02092,310,262,1,9999,Net Banking,2026-01-05
OFF02093,329,288,4,999,Wallet,2026-01-21
OFF02094,419,80,3,9999,Wallet,2026-01-30
OFF02095,805,4,4,4999,Credit Card,2026-01-04
OFF02096,719,35,1,999,UPI,2026-01-17
OFF02097,207,50,2,999,Cash,2026-01-01
OFF02098,157,259,4,2499,UPI,2026-01-10
OFF02099,940,208,4,999,Credit Card,2026-01-27
OFF02100,798,280,3,4999,Cash,2026-01-28
OFF02101,752,64,4,999,UPI,2026-01-06
OFF02102,624,73,2,999,Wallet,2026-01-23
OFF02103,592,280,2,2499,Debit Card,2026-01-10
OFF02104,784,52,4,1499,Debit Card,2026-01-13
OFF02105,527,198,1,2499,Cash,2026-01-05
OFF02106,224,15,3,2499,Net Banking,2026-01-13
OFF02107,761,6,3,499,Wallet,2026-01-29
OFF02108,1086,228,1,1499,Credit Card,2026-01-15
OFF02109,263,235,3,499,Debit Card,2026-01-17
OFF02110,1025,258,2,1499,Wallet,2026-01-17
OFF02111,772,200,1,999,Credit Card,2026-01-12
OFF02112,833,289,3,2499,Credit Card,2026-01-09
OFF02113,1039,156,4,499,Wallet,2026-01-16
OFF02114,775,193,4,4999,Credit Card,2026-01-19
OFF02115,815,260,3,999,Debit Card,2026-01-19
OFF02116,733,298,3,4999,Cash,2026-01-03
OFF02117,263,24,1,9999,Credit Card,2026-01-04
OFF02118,588,55,4,9999,Debit Card,2026-01-25
OFF02119,1022,119,2,499,Credit Card,2026-01-24
OFF02120,164,197,4,499,Net Banking,2026-01-09
OFF02121,175,59,1,9999,Cash,2026-01-25
OFF02122,429,192,1,999,UPI,2026-01-23
OFF02123,753,231,4,999,Net Banking,2026-01-18
OFF02124,603,103,2,1499,Cash,2026-01-22
OFF02125,860,147,2,999,Credit Card,2026-01-14
OFF02126,697,271,2,499,UPI,2026-01-21
OFF02127,930,50,2,499,Credit Card,2026-01-29
OFF02128,682,3,3,2499,Net Banking,2026-01-28
OFF02129,799,37,3,999,Wallet,2026-01-30
OFF02130,953,271,4,999,Credit Card,2026-01-19
OFF02131,734,243,3,1499,Net Banking,2026-01-28
OFF02132,538,71,1,2499,Wallet,2026-01-13
OFF02133,902,37,1,999,Net Banking,2026-01-10
OFF02134,337,52,1,2499,UPI,2026-01-20
OFF02135,330,277,3,499,Debit Card,2026-01-30
OFF02136,467,129,4,9999,UPI,2026-01-28
OFF02137,648,81,3,499,Net Banking,2026-01-08
OFF02138,734,266,3,2499,UPI,2026-01-18
OFF02139,769,57,4,1499,UPI,2026-01-02
OFF02140,306,174,4,1499,Debit Card,2026-01-29
OFF02141,661,31,2,999,Wallet,2026-01-11
OFF02142,175,32,2,2499,Net Banking,2026-01-29
OFF02143,1073,19,3,499,Cash,2026-01-20
OFF02144,378,42,4,999,Wallet,2026-01-02
OFF02145,620,54,1,2499,Credit Card,2026-01-21
OFF02146,411,180,4,2499,Credit Card,2026-01-01
OFF02147,648,29,1,999,Net Banking,2026-01-28
OFF02148,594,195,1,4999,UPI,2026-01-13
OFF02149,819,194,2,2499,Cash,2026-01-18
OFF02150,221,71,1,2499,Net Banking,2026-01-29
OFF02151,452,189,3,999,Cash,2026-01-30
OFF02152,195,30,2,999,Net Banking,2026-01-01
OFF02153,871,117,4,9999,Net Banking,2026-01-19
OFF02154,356,24,1,9999,UPI,2026-01-03
OFF02155,285,30,2,2499,Debit Card,2026-01-02
OFF02156,771,161,3,4999,Credit Card,2026-01-10
OFF02157,774,67,4,2499,UPI,2026-01-22
OFF02158,1061,40,1,1499,Net Banking,2026-01-07
OFF02159,555,254,3,999,Wallet,2026-01-10
OFF02160,351,188,3,9999,Net Banking,2026-01-29
OFF02161,655,137,3,9999,Net Banking,2026-01-04
OFF02162,823,28,3,2499,Net Banking,2026-01-16
OFF02163,1034,144,1,999,Credit Card,2026-01-27
OFF02164,860,267,2,1499,Net Banking,2026-01-07
OFF02165,936,63,3,9999,Credit Card,2026-01-02
OFF02166,883,121,4,9999,Cash,2026-01-04
OFF02167,377,11,4,499,Debit Card,2026-01-19
OFF02168,162,197,3,499,Debit Card,2026-01-28
OFF02169,984,197,4,499,Cash,2026-01-13
OFF02170,311,228,1,999,Cash,2026-01-06
OFF02171,413,221,1,9999,UPI,2026-01-18
OFF02172,873,179,1,4999,Debit Card,2026-01-30
OFF02173,450,135,2,499,Wallet,2026-01-27
OFF02174,1051,223,4,9999,Wallet,2026-01-25
OFF02175,498,30,1,4999,Wallet,2026-01-30
OFF02176,687,148,4,2499,Wallet,2026-01-19
OFF02177,1084,266,3,999,Cash,2026-01-15
OFF02178,388,122,2,499,Wallet,2026-01-09
OFF02179,403,44,2,4999,Debit Card,2026-01-19
OFF02180,381,203,1,4999,Debit Card,2026-01-09
OFF02181,415,129,1,499,Net Banking,2026-01-22
OFF02182,555,165,3,999,Cash,2026-01-01
OFF02183,138,226,1,2499,Debit Card,2026-01-16
OFF02184,160,285,2,2499,Net Banking,2026-01-03
OFF02185,552,142,3,499,Credit Card,2026-01-09
OFF02186,231,142,3,2499,Credit Card,2026-01-21
OFF02187,772,90,2,4999,UPI,2026-01-08
OFF02188,801,59,1,999,Net Banking,2026-01-28
OFF02189,667,226,3,499,Wallet,2026-01-08
OFF02190,117,32,3,1499,Wallet,2026-01-28
OFF02191,341,181,1,4999,Debit Card,2026-01-04
OFF02192,624,40,4,499,UPI,2026-01-08
OFF02193,481,105,3,4999,Wallet,2026-01-14
OFF02194,247,37,4,1499,UPI,2026-01-11
OFF02195,1019,185,3,2499,Wallet,2026-01-12
OFF02196,132,241,3,4999,Credit Card,2026-01-12
OFF02197,1034,23,3,999,Net Banking,2026-01-01
OFF02198,624,55,2,1499,Wallet,2026-01-25
OFF02199,488,261,3,999,Net Banking,2026-01-02
OFF02200,181,77,4,9999,UPI,2026-01-30
OFF02201,851,115,4,4999,UPI,2026-01-28
OFF02202,584,271,1,4999,Wallet,2026-01-17
OFF02203,376,267,4,1499,Credit Card,2026-01-27
OFF02204,437,295,3,999,Credit Card,2026-01-26
OFF02205,423,186,2,2499,Wallet,2026-01-04
OFF02206,1081,124,4,9999,Cash,2026-01-12
OFF02207,618,41,3,4999,UPI,2026-01-30
OFF02208,336,186,4,4999,Cash,2026-01-26
OFF02209,948,215,2,4999,Credit Card,2026-01-30
OFF02210,791,276,2,2499,Net Banking,2026-01-22
OFF02211,450,71,3,1499,Debit Card,2026-01-04
OFF02212,618,42,4,2499,Credit Card,2026-01-19
OFF02213,998,254,2,999,Cash,2026-01-01
OFF02214,370,86,1,2499,Net Banking,2026-01-23
OFF02215,991,241,1,999,UPI,2026-01-27
OFF02216,271,221,1,9999,UPI,2026-01-05
OFF02217,463,264,4,2499,Credit Card,2026-01-13
OFF02218,401,286,2,9999,UPI,2026-01-11
OFF02219,147,173,1,9999,UPI,2026-01-24
OFF02220,746,182,4,2499,Cash,2026-01-24
OFF02221,817,224,3,2499,Credit Card,2026-01-24
OFF02222,1018,94,1,999,UPI,2026-01-19
OFF02223,429,190,4,2499,Cash,2026-01-06
OFF02224,338,261,3,499,Debit Card,2026-01-16
OFF02225,631,175,1,4999,Net Banking,2026-01-19
OFF02226,431,261,4,1499,Cash,2026-01-11
OFF02227,934,92,2,499,Wallet,2026-01-29
OFF02228,385,108,4,4999,Net Banking,2026-01-29
OFF02229,392,161,1,1499,Credit Card,2026-01-04
OFF02230,550,148,3,2499,Credit Card,2026-01-29
OFF02231,721,87,3,1499,UPI,2026-01-30
OFF02232,199,119,3,999,Credit Card,2026-01-18
OFF02233,713,261,2,499,UPI,2026-01-29
OFF02234,601,277,2,499,UPI,2026-01-12
OFF02235,537,105,3,4999,Wallet,2026-01-15
OFF02236,403,267,2,2499,UPI,2026-01-23
OFF02237,606,62,4,2499,Debit Card,2026-01-03
OFF02238,785,71,3,9999,UPI,2026-01-12
OFF02239,177,41,2,9999,Debit Card,2026-01-06
OFF02240,565,260,3,1499,Wallet,2026-01-24
OFF02241,805,263,1,9999,Debit Card,2026-01-29
OFF02242,1055,20,4,499,Wallet,2026-01-26
OFF02243,962,267,3,999,Net Banking,2026-01-22
OFF02244,241,19,1,999,Net Banking,2026-01-13
OFF02245,582,113,2,1499,Credit Card,2026-01-16
OFF02246,235,96,4,1499,Credit Card,2026-01-21
OFF02247,545,46,2,499,UPI,2026-01-16
OFF02248,283,286,2,9999,UPI,2026-01-14
OFF02249,698,135,4,9999,Credit Card,2026-01-21
OFF02250,773,179,4,4999,Credit Card,2026-01-29
OFF02251,785,154,2,1499,Cash,2026-01-16
OFF02252,593,201,3,4999,Debit Card,2026-01-04
OFF02253,530,113,1,1499,Cash,2026-01-11
OFF02254,281,127,4,499,Cash,2026-01-11
OFF02255,508,59,3,9999,Wallet,2026-01-05
OFF02256,522,248,4,4999,Wallet,2026-01-08
OFF02257,620,15,3,1499,Credit Card,2026-01-29
OFF02258,891,210,1,4999,Debit Card,2026-01-09
OFF02259,929,163,4,2499,Cash,2026-01-14
OFF02260,375,205,3,499,Cash,2026-01-24
OFF02261,939,113,3,9999,UPI,2026-01-10
OFF02262,687,230,4,999,Credit Card,2026-01-18
OFF02263,726,106,1,4999,Debit Card,2026-01-05
OFF02264,122,277,1,9999,Cash,2026-01-03
OFF02265,165,171,3,4999,Wallet,2026-01-02
OFF02266,649,266,2,1499,Credit Card,2026-01-06
OFF02267,335,275,4,9999,Debit Card,2026-01-26
OFF02268,524,83,3,1499,Credit Card,2026-01-18
OFF02269,966,128,1,499,UPI,2026-01-25
OFF02270,508,270,1,4999,Cash,2026-01-02
OFF02271,125,81,3,1499,Credit Card,2026-01-21
OFF02272,868,127,1,1499,UPI,2026-01-27
OFF02273,938,194,4,999,Wallet,2026-01-29
OFF02274,176,139,1,499,Net Banking,2026-01-24
OFF02275,861,213,1,499,Net Banking,2026-01-20
OFF02276,703,78,1,9999,Cash,2026-01-07
OFF02277,625,160,3,2499,Wallet,2026-01-01
OFF02278,308,155,3,2499,UPI,2026-01-09
OFF02279,399,296,4,2499,Cash,2026-01-03
OFF02280,386,114,4,4999,Cash,2026-01-10
OFF02281,118,274,2,2499,Cash,2026-01-24
OFF02282,832,202,3,4999,UPI,2026-01-15
OFF02283,890,115,1,2499,Credit Card,2026-01-15
OFF02284,212,190,4,4999,Wallet,2026-01-10
OFF02285,1100,171,2,9999,UPI,2026-01-04
OFF02286,986,288,2,999,Cash,2026-01-19
OFF02287,513,128,1,999,Net Banking,2026-01-27
OFF02288,886,243,2,499,Cash,2026-01-09
OFF02289,446,211,3,9999,Credit Card,2026-01-02
OFF02290,375,165,4,499,Wallet,2026-01-07
OFF02291,612,288,4,4999,Debit Card,2026-01-21
OFF02292,826,121,3,2499,Cash,2026-01-17
OFF02293,536,285,1,499,Wallet,2026-01-03
OFF02294,266,193,2,499,Net Banking,2026-01-24
OFF02295,549,63,2,999,UPI,2026-01-02
OFF02296,742,218,4,999,Net Banking,2026-01-16
OFF02297,110,72,4,2499,Debit Card,2026-01-04
OFF02298,1045,223,3,9999,Wallet,2026-01-09
OFF02299,1011,268,3,4999,Debit Card,2026-01-19
OFF02300,636,85,2,1499,Wallet,2026-01-07
OFF02301,574,191,3,2499,Credit Card,2026-01-30
OFF02302,637,170,2,999,Wallet,2026-01-27
OFF02303,527,243,1,1499,Credit Card,2026-01-05
OFF02304,420,241,1,499,Wallet,2026-01-07
OFF02305,570,103,1,4999,Debit Card,2026-01-04
OFF02306,261,32,4,4999,UPI,2026-01-12
OFF02307,744,287,2,1499,UPI,2026-01-30
OFF02308,941,99,3,1499,Cash,2026-01-19
OFF02309,886,157,3,4999,Cash,2026-01-30
OFF02310,707,131,2,499,Credit Card,2026-01-04
OFF02311,370,111,3,999,Net Banking,2026-01-04
OFF02312,690,65,4,1499,Net Banking,2026-01-20
OFF02313,273,142,4,999,UPI,2026-01-26
OFF02314,1052,119,2,499,Net Banking,2026-01-05
OFF02315,996,74,2,2499,UPI,2026-01-11
OFF02316,624,40,1,999,Cash,2026-01-14
OFF02317,613,242,3,1499,UPI,2026-01-08
OFF02318,893,287,4,2499,Cash,2026-01-23
OFF02319,959,243,3,1499,Net Banking,2026-01-11
OFF02320,963,272,1,4999,Credit Card,2026-01-06
OFF02321,674,143,2,2499,Cash,2026-01-16
OFF02322,1022,129,1,4999,Cash,2026-01-21
OFF02323,987,179,2,499,Debit Card,2026-01-28
OFF02324,535,239,3,9999,Credit Card,2026-01-20
OFF02325,484,287,2,2499,Credit Card,2026-01-30
OFF02326,470,6,2,2499,Net Banking,2026-01-07
OFF02327,197,3,3,1499,Debit Card,2026-01-30
OFF02328,380,130,1,4999,UPI,2026-01-21
OFF02329,145,141,4,2499,Wallet,2026-01-23
OFF02330,159,130,3,9999,Net Banking,2026-01-27
OFF02331,748,16,4,4999,Cash,2026-01-16
OFF02332,996,89,4,9999,Wallet,2026-01-25
OFF02333,479,280,1,499,UPI,2026-01-20
OFF02334,185,79,2,999,Cash,2026-01-27
OFF02335,753,62,1,2499,Wallet,2026-01-02
OFF02336,385,161,1,4999,Credit Card,2026-01-21
OFF02337,969,9,3,9999,Debit Card,2026-01-29
OFF02338,115,87,3,4999,Wallet,2026-01-13
OFF02339,298,214,1,499,Net Banking,2026-01-05
OFF02340,555,137,1,999,UPI,2026-01-09
OFF02341,751,102,4,999,Wallet,2026-01-27
OFF02342,675,2,3,1499,Debit Card,2026-01-04
OFF02343,957,175,4,4999,Wallet,2026-01-03
OFF02344,220,290,4,499,UPI,2026-01-06
OFF02345,706,45,2,1499,Wallet,2026-01-01
OFF02346,754,87,1,999,Debit Card,2026-01-15
OFF02347,958,42,2,1499,Wallet,2026-01-21
OFF02348,155,98,2,1499,Cash,2026-01-23
OFF02349,244,147,2,1499,Net Banking,2026-01-11
OFF02350,380,212,2,999,Credit Card,2026-01-06
OFF02351,551,152,3,9999,Debit Card,2026-01-03
OFF02352,473,251,3,4999,Debit Card,2026-01-25
OFF02353,804,268,4,9999,Credit Card,2026-01-02
OFF02354,651,300,4,999,Net Banking,2026-01-07
OFF02355,931,223,3,9999,Wallet,2026-01-26
OFF02356,817,148,2,1499,Net Banking,2026-01-18
OFF02357,892,138,1,4999,Credit Card,2026-01-09
OFF02358,133,112,4,1499,UPI,2026-01-17
OFF02359,579,96,4,999,Net Banking,2026-01-11
OFF02360,703,191,4,9999,UPI,2026-01-11
OFF02361,263,54,3,499,Cash,2026-01-16
OFF02362,1025,172,3,9999,UPI,2026-01-06
OFF02363,579,184,3,999,Net Banking,2026-01-06
OFF02364,568,12,4,4999,Net Banking,2026-01-19
OFF02365,955,223,4,2499,Credit Card,2026-01-09
OFF02366,795,192,3,2499,Cash,2026-01-10
OFF02367,211,21,2,4999,Cash,2026-01-14
OFF02368,130,138,4,4999,Credit Card,2026-01-17
OFF02369,1089,86,3,4999,Wallet,2026-01-17
OFF02370,780,102,2,999,Debit Card,2026-01-26
OFF02371,912,28,1,1499,Credit Card,2026-01-26
OFF02372,270,178,4,2499,Cash,2026-01-01
OFF02373,409,76,2,999,Debit Card,2026-01-03
OFF02374,548,95,2,999,UPI,2026-01-24
OFF02375,669,126,2,9999,Debit Card,2026-01-01
OFF02376,203,245,2,1499,Cash,2026-01-18
OFF02377,785,202,2,2499,Cash,2026-01-27
OFF02378,497,238,2,499,Credit Card,2026-01-11
OFF02379,1020,69,4,1499,Debit Card,2026-01-27
OFF02380,174,218,4,4999,Debit Card,2026-01-16
OFF02381,283,14,2,4999,Credit Card,2026-01-12
OFF02382,943,186,3,4999,UPI,2026-01-20
OFF02383,336,204,1,9999,Credit Card,2026-01-16
OFF02384,410,97,1,999,Cash,2026-01-03
OFF02385,285,174,4,9999,Cash,2026-01-05
OFF02386,792,146,3,2499,Cash,2026-01-02
OFF02387,268,134,4,999,Cash,2026-01-22
OFF02388,926,265,1,2499,UPI,2026-01-12
OFF02389,265,52,4,499,Debit Card,2026-01-05
OFF02390,566,295,4,9999,UPI,2026-01-16
OFF02391,411,206,4,499,Cash,2026-01-09
OFF02392,482,60,4,4999,Cash,2026-01-23
OFF02393,905,172,3,499,Credit Card,2026-01-14
OFF02394,182,273,4,9999,Credit Card,2026-01-01
OFF02395,628,173,3,999,Net Banking,2026-01-24
OFF02396,576,233,4,499,Debit Card,2026-01-02
OFF02397,476,63,4,2499,UPI,2026-01-29
OFF02398,446,190,3,2499,Wallet,2026-01-10
OFF02399,401,13,3,999,Debit Card,2026-01-14
OFF02400,405,9,4,1499,Wallet,2026-01-02
OFF02401,138,58,3,9999,Net Banking,2026-01-24
OFF02402,187,203,2,999,Net Banking,2026-01-04
OFF02403,606,65,2,9999,Cash,2026-01-29
OFF02404,806,141,3,2499,Net Banking,2026-01-08
OFF02405,179,269,4,499,Debit Card,2026-01-12
OFF02406,842,20,2,4999,Wallet,2026-01-26
OFF02407,843,52,4,4999,UPI,2026-01-11
OFF02408,123,155,4,2499,Credit Card,2026-01-24
OFF02409,1089,132,1,2499,UPI,2026-01-26
OFF02410,731,99,3,1499,Net Banking,2026-01-18
OFF02411,688,125,1,1499,Cash,2026-01-07
OFF02412,806,224,3,9999,Credit Card,2026-01-09
OFF02413,509,257,1,4999,Credit Card,2026-01-22
OFF02414,517,146,3,499,Credit Card,2026-01-01
OFF02415,374,213,2,1499,Cash,2026-01-20
OFF02416,331,163,1,999,UPI,2026-01-23
OFF02417,727,167,2,499,Debit Card,2026-01-24
OFF02418,710,236,4,9999,Debit Card,2026-01-18
OFF02419,113,200,4,4999,Debit Card,2026-01-11
OFF02420,256,164,3,2499,Cash,2026-01-28
OFF02421,815,256,2,4999,Credit Card,2026-01-22
OFF02422,134,200,3,2499,Wallet,2026-01-28
OFF02423,599,293,1,9999,Net Banking,2026-01-12
OFF02424,643,43,2,9999,Debit Card,2026-01-10
OFF02425,791,150,3,2499,Cash,2026-01-01
OFF02426,461,80,2,4999,Net Banking,2026-01-14
OFF02427,670,213,1,1499,Wallet,2026-01-16
OFF02428,235,121,4,4999,Cash,2026-01-20
OFF02429,324,64,1,2499,Credit Card,2026-01-04
OFF02430,986,293,3,999,Credit Card,2026-01-25
OFF02431,870,206,4,1499,Credit Card,2026-01-14
OFF02432,746,143,3,1499,UPI,2026-01-22
OFF02433,980,163,4,999,Cash,2026-01-16
OFF02434,261,238,3,2499,Credit Card,2026-01-13
OFF02435,950,148,1,4999,Debit Card,2026-01-25
OFF02436,1030,238,2,9999,UPI,2026-01-13
OFF02437,521,298,4,2499,Credit Card,2026-01-21
OFF02438,725,15,2,999,Net Banking,2026-01-17
OFF02439,433,42,4,499,Net Banking,2026-01-08
OFF02440,194,86,4,9999,Debit Card,2026-01-01
OFF02441,569,200,2,999,Debit Card,2026-01-24
OFF02442,1060,123,2,2499,Wallet,2026-01-30
OFF02443,401,103,3,999,UPI,2026-01-29
OFF02444,573,16,2,4999,Cash,2026-01-08
OFF02445,1097,228,2,999,Cash,2026-01-17
OFF02446,351,57,3,999,Cash,2026-01-24
OFF02447,134,36,1,9999,Wallet,2026-01-22
OFF02448,173,209,4,2499,Cash,2026-01-09
OFF02449,896,276,1,9999,Net Banking,2026-01-21
OFF02450,593,274,1,2499,Wallet,2026-01-02
OFF02451,888,150,4,9999,UPI,2026-01-12
OFF02452,907,205,4,2499,UPI,2026-01-04
OFF02453,872,75,3,4999,UPI,2026-01-24
OFF02454,773,87,3,2499,Debit Card,2026-01-05
OFF02455,371,125,4,999,UPI,2026-01-11
OFF02456,604,38,4,9999,Credit Card,2026-01-25
OFF02457,806,134,3,1499,Cash,2026-01-11
OFF02458,382,231,3,4999,Net Banking,2026-01-02
OFF02459,396,72,2,4999,UPI,2026-01-08
OFF02460,399,190,3,9999,Debit Card,2026-01-23
OFF02461,831,82,3,2499,Cash,2026-01-22
OFF02462,925,151,2,9999,Wallet,2026-01-05
OFF02463,364,76,3,2499,Wallet,2026-01-08
OFF02464,411,15,2,4999,Credit Card,2026-01-19
OFF02465,839,7,3,1499,Net Banking,2026-01-24
OFF02466,734,265,4,2499,Credit Card,2026-01-12
OFF02467,484,80,3,4999,Cash,2026-01-28
OFF02468,594,249,2,4999,Credit Card,2026-01-16
OFF02469,1070,195,1,9999,UPI,2026-01-11
OFF02470,330,116,3,999,Credit Card,2026-01-09
OFF02471,611,62,2,1499,Cash,2026-01-19
OFF02472,308,7,2,9999,Debit Card,2026-01-22
OFF02473,202,17,4,9999,Debit Card,2026-01-17
OFF02474,1085,35,3,4999,Net Banking,2026-01-28
OFF02475,558,276,1,499,Net Banking,2026-01-17
OFF02476,917,127,2,1499,Wallet,2026-01-06
OFF02477,835,126,2,9999,Cash,2026-01-06
OFF02478,385,21,3,4999,UPI,2026-01-24
OFF02479,636,98,1,999,Debit Card,2026-01-02
OFF02480,700,107,2,999,Net Banking,2026-01-16
OFF02481,1003,238,1,4999,UPI,2026-01-11
OFF02482,220,38,2,2499,Cash,2026-01-03
OFF02483,656,244,2,499,Net Banking,2026-01-07
OFF02484,110,250,3,4999,Net Banking,2026-01-14
OFF02485,300,58,4,9999,Net Banking,2026-01-26
OFF02486,873,234,1,1499,Cash,2026-01-20
OFF02487,281,139,4,9999,Debit Card,2026-01-17
OFF02488,407,248,3,9999,Debit Card,2026-01-28
OFF02489,382,273,2,1499,Wallet,2026-01-18
OFF02490,551,258,3,9999,UPI,2026-01-25
OFF02491,427,94,4,499,Net Banking,2026-01-16
OFF02492,168,254,2,999,Cash,2026-01-22
OFF02493,451,156,1,2499,Wallet,2026-01-22
OFF02494,898,276,2,999,UPI,2026-01-25
OFF02495,614,119,2,1499,Debit Card,2026-01-11
OFF02496,802,272,4,499,Debit Card,2026-01-30
OFF02497,261,108,2,1499,Credit Card,2026-01-25
OFF02498,725,203,2,999,Wallet,2026-01-06
OFF02499,710,167,4,9999,Cash,2026-01-25
OFF02500,584,138,2,1499,Debit Card,2026-01-12
OFF02501,845,75,3,1499,Debit Card,2026-01-27
OFF02502,536,162,4,1499,Net Banking,2026-01-13
OFF02503,157,214,1,2499,Cash,2026-01-12
OFF02504,120,72,4,1499,Wallet,2026-01-07
OFF02505,953,107,3,1499,Debit Card,2026-01-01
OFF02506,434,165,4,2499,Net Banking,2026-01-18
OFF02507,616,103,2,4999,Cash,2026-01-28
OFF02508,349,141,1,499,Credit Card,2026-01-11
OFF02509,900,246,4,499,Wallet,2026-01-13
OFF02510,722,250,2,1499,Net Banking,2026-01-13
OFF02511,755,31,1,499,Debit Card,2026-01-09
OFF02512,1046,276,3,2499,Debit Card,2026-01-04
OFF02513,176,242,2,9999,Debit Card,2026-01-25
OFF02514,704,212,2,999,Debit Card,2026-01-19
OFF02515,352,103,1,2499,Debit Card,2026-01-19
OFF02516,644,280,3,4999,Debit Card,2026-01-23
OFF02517,992,12,2,499,Wallet,2026-01-23
OFF02518,866,161,3,2499,Credit Card,2026-01-06
OFF02519,572,165,4,999,Debit Card,2026-01-11
OFF02520,719,102,3,1499,Wallet,2026-01-30
OFF02521,758,12,2,499,Cash,2026-01-14
OFF02522,952,203,4,499,Net Banking,2026-01-02
OFF02523,680,263,3,499,Cash,2026-01-02
OFF02524,604,259,3,4999,Debit Card,2026-01-19
OFF02525,178,171,1,9999,Net Banking,2026-01-03
OFF02526,263,286,1,4999,Net Banking,2026-01-28
OFF02527,766,45,4,4999,Credit Card,2026-01-25
OFF02528,577,38,4,1499,Cash,2026-01-29
OFF02529,287,78,3,499,Wallet,2026-01-19
OFF02530,900,174,4,4999,Wallet,2026-01-24
OFF02531,689,222,1,2499,Debit Card,2026-01-01
OFF02532,331,200,1,499,Debit Card,2026-01-14
OFF02533,699,78,3,999,Wallet,2026-01-25
OFF02534,782,168,4,9999,Credit Card,2026-01-25
OFF02535,989,295,3,9999,Net Banking,2026-01-05
OFF02536,416,97,2,999,Credit Card,2026-01-04
OFF02537,654,14,1,999,Debit Card,2026-01-03
OFF02538,774,168,3,999,Credit Card,2026-01-07
OFF02539,378,156,2,2499,Credit Card,2026-01-30
OFF02540,241,112,3,499,Cash,2026-01-04
OFF02541,989,193,1,2499,Wallet,2026-01-28
OFF02542,558,107,4,499,Cash,2026-01-13
OFF02543,705,102,2,2499,UPI,2026-01-03
OFF02544,875,90,1,999,Credit Card,2026-01-04
OFF02545,425,251,3,9999,Cash,2026-01-07
OFF02546,469,108,1,4999,Cash,2026-01-09
OFF02547,117,261,1,2499,UPI,2026-01-13
OFF02548,464,216,4,499,Debit Card,2026-01-10
OFF02549,408,34,4,9999,Credit Card,2026-01-23
OFF02550,117,44,4,2499,Debit Card,2026-01-24
OFF02551,968,166,1,999,Credit Card,2026-01-06
OFF02552,632,290,1,999,Credit Card,2026-01-05
OFF02553,711,241,1,499,Credit Card,2026-01-28
OFF02554,525,151,3,4999,Credit Card,2026-01-14
OFF02555,1089,89,2,4999,Credit Card,2026-01-24
OFF02556,906,93,3,499,Credit Card,2026-01-01
OFF02557,514,255,2,1499,Wallet,2026-01-12
OFF02558,903,136,3,499,UPI,2026-01-11
OFF02559,853,15,4,499,Credit Card,2026-01-30
OFF02560,487,209,1,4999,Net Banking,2026-01-24
OFF02561,203,269,2,999,UPI,2026-01-12
OFF02562,168,115,1,2499,UPI,2026-01-16
OFF02563,551,238,4,4999,Credit Card,2026-01-28
OFF02564,581,1,3,2499,Debit Card,2026-01-05
OFF02565,785,166,3,4999,Wallet,2026-01-04
OFF02566,952,245,4,9999,Net Banking,2026-01-07
OFF02567,233,65,2,4999,Credit Card,2026-01-08
OFF02568,514,43,1,9999,Debit Card,2026-01-29
OFF02569,357,54,2,999,Credit Card,2026-01-24
OFF02570,1098,155,3,9999,Cash,2026-01-22
OFF02571,436,267,3,999,Cash,2026-01-12
OFF02572,1028,75,1,9999,Cash,2026-01-21
OFF02573,115,25,2,999,Credit Card,2026-01-21
OFF02574,507,18,2,999,Debit Card,2026-01-01
OFF02575,979,293,4,2499,Debit Card,2026-01-07
OFF02576,320,296,4,2499,Cash,2026-01-20
OFF02577,863,135,4,499,Debit Card,2026-01-21
OFF02578,1014,264,3,1499,Credit Card,2026-01-09
OFF02579,568,175,4,4999,Wallet,2026-01-04
OFF02580,901,176,3,499,Debit Card,2026-01-14
OFF02581,333,14,2,499,Cash,2026-01-27
OFF02582,830,57,1,4999,Debit Card,2026-01-05
OFF02583,547,178,3,2499,Net Banking,2026-01-03
OFF02584,940,259,2,2499,Net Banking,2026-01-07
OFF02585,304,73,2,499,Wallet,2026-01-24
OFF02586,981,182,2,4999,Net Banking,2026-01-17
OFF02587,336,25,3,4999,Wallet,2026-01-17
OFF02588,203,86,3,999,Wallet,2026-01-06
OFF02589,1065,116,2,4999,Net Banking,2026-01-14
OFF02590,1083,104,3,499,Cash,2026-01-10
OFF02591,580,200,4,2499,Debit Card,2026-01-05
OFF02592,358,154,1,499,Wallet,2026-01-18
OFF02593,728,160,2,9999,Net Banking,2026-01-03
OFF02594,248,31,4,999,Cash,2026-01-27
OFF02595,906,83,2,2499,Credit Card,2026-01-21
OFF02596,299,215,4,4999,Credit Card,2026-01-27
OFF02597,1087,180,1,999,Debit Card,2026-01-05
OFF02598,858,206,1,9999,Net Banking,2026-01-22
OFF02599,246,78,2,2499,Wallet,2026-01-09
OFF02600,221,168,1,9999,Net Banking,2026-01-10
OFF02601,713,269,1,9999,Cash,2026-01-08
OFF02602,655,225,3,499,Wallet,2026-01-20
OFF02603,1002,233,2,499,Wallet,2026-01-11
OFF02604,959,140,1,2499,Debit Card,2026-01-04
OFF02605,273,239,4,4999,Wallet,2026-01-23
OFF02606,636,250,3,999,UPI,2026-01-03
OFF02607,607,186,2,9999,Wallet,2026-01-14
OFF02608,208,216,1,9999,Debit Card,2026-01-27
OFF02609,621,142,3,9999,Debit Card,2026-01-14
OFF02610,114,129,3,499,UPI,2026-01-23
OFF02611,607,249,2,4999,Credit Card,2026-01-19
OFF02612,900,223,3,499,Wallet,2026-01-16
OFF02613,632,288,4,4999,Wallet,2026-01-13
OFF02614,959,22,1,4999,Wallet,2026-01-04
OFF02615,1090,295,1,499,Credit Card,2026-01-12
OFF02616,836,298,4,2499,Wallet,2026-01-02
OFF02617,688,178,4,2499,Net Banking,2026-01-02
OFF02618,1030,205,4,9999,UPI,2026-01-07
OFF02619,746,291,2,499,Debit Card,2026-01-04
OFF02620,847,150,4,499,Cash,2026-01-28
OFF02621,453,130,3,9999,Debit Card,2026-01-08
OFF02622,433,142,4,499,Cash,2026-01-23
OFF02623,672,135,2,999,Net Banking,2026-01-21
OFF02624,900,165,4,1499,Credit Card,2026-01-28
OFF02625,461,256,1,1499,Net Banking,2026-01-18
OFF02626,204,117,3,1499,Wallet,2026-01-03
OFF02627,610,208,3,4999,Wallet,2026-01-06
OFF02628,977,196,2,1499,Wallet,2026-01-16
OFF02629,1018,180,3,2499,Debit Card,2026-01-25
OFF02630,117,82,2,1499,UPI,2026-01-07
OFF02631,818,298,3,4999,Wallet,2026-01-18
OFF02632,734,152,2,2499,Wallet,2026-01-03
OFF02633,829,102,1,499,Net Banking,2026-01-30
OFF02634,834,208,3,999,Debit Card,2026-01-18
OFF02635,1044,182,4,999,Cash,2026-01-04
OFF02636,331,151,1,1499,Cash,2026-01-27
OFF02637,259,21,2,4999,Wallet,2026-01-09
OFF02638,954,14,4,999,Wallet,2026-01-08
OFF02639,764,126,2,2499,Credit Card,2026-01-05
OFF02640,1088,7,3,999,UPI,2026-01-28
OFF02641,670,248,4,2499,Net Banking,2026-01-19
OFF02642,969,99,4,999,Net Banking,2026-01-19
OFF02643,368,205,4,9999,Wallet,2026-01-26
OFF02644,480,187,3,2499,Debit Card,2026-01-29
OFF02645,466,121,3,4999,UPI,2026-01-23
OFF02646,353,69,3,9999,Net Banking,2026-01-19
OFF02647,826,66,1,4999,Cash,2026-01-18
OFF02648,334,161,1,4999,Wallet,2026-01-12
OFF02649,376,284,2,2499,Net Banking,2026-01-27
OFF02650,549,28,4,4999,Cash,2026-01-19
OFF02651,123,224,1,999,Net Banking,2026-01-15
OFF02652,589,287,1,1499,Wallet,2026-01-05
OFF02653,1078,33,3,499,Wallet,2026-01-09
OFF02654,129,292,3,9999,Wallet,2026-01-20
OFF02655,883,252,4,9999,Credit Card,2026-01-13
OFF02656,652,111,4,1499,Wallet,2026-01-22
OFF02657,684,156,3,999,Net Banking,2026-01-14
OFF02658,1095,74,3,499,Net Banking,2026-01-02
OFF02659,729,184,1,499,UPI,2026-01-17
OFF02660,300,212,2,9999,Credit Card,2026-01-20
OFF02661,765,92,2,499,Cash,2026-01-24
OFF02662,197,62,3,499,Cash,2026-01-19
OFF02663,814,199,4,2499,Cash,2026-01-05
OFF02664,419,176,2,499,Debit Card,2026-01-06
OFF02665,193,221,3,2499,Credit Card,2026-01-09
OFF02666,460,206,2,999,Wallet,2026-01-21
OFF02667,870,42,3,2499,UPI,2026-01-17
OFF02668,163,132,1,4999,Net Banking,2026-01-02
OFF02669,102,192,1,999,Net Banking,2026-01-01
OFF02670,414,3,3,2499,UPI,2026-01-26
OFF02671,1079,291,3,499,Credit Card,2026-01-07
OFF02672,324,256,2,4999,Debit Card,2026-01-04
OFF02673,282,80,3,4999,Cash,2026-01-23
OFF02674,132,91,2,2499,Net Banking,2026-01-02
OFF02675,1058,276,1,1499,Debit Card,2026-01-04
OFF02676,631,179,2,4999,Credit Card,2026-01-29
OFF02677,718,52,4,999,Credit Card,2026-01-20
OFF02678,662,173,4,9999,Cash,2026-01-26
OFF02679,668,230,1,9999,UPI,2026-01-11
OFF02680,346,127,3,999,Cash,2026-01-07
OFF02681,161,207,1,1499,Cash,2026-01-26
OFF02682,771,51,1,9999,Debit Card,2026-01-30
OFF02683,759,270,4,4999,Credit Card,2026-01-10
OFF02684,882,165,2,2499,Credit Card,2026-01-10
OFF02685,487,219,4,2499,UPI,2026-01-16
OFF02686,430,13,4,499,Net Banking,2026-01-16
OFF02687,906,200,3,2499,Debit Card,2026-01-25
OFF02688,1070,29,1,999,UPI,2026-01-10
OFF02689,422,293,2,9999,Wallet,2026-01-02
OFF02690,1090,274,1,499,Debit Card,2026-01-13
OFF02691,154,97,3,4999,Wallet,2026-01-28
OFF02692,480,223,2,4999,Wallet,2026-01-23
OFF02693,569,23,2,499,Credit Card,2026-01-29
OFF02694,832,114,3,499,Credit Card,2026-01-16
OFF02695,1045,106,1,499,Cash,2026-01-07
OFF02696,1027,60,3,499,Credit Card,2026-01-22
OFF02697,947,170,2,2499,Credit Card,2026-01-12
OFF02698,246,206,1,999,Net Banking,2026-01-08
OFF02699,685,133,4,9999,Wallet,2026-01-28
OFF02700,855,159,2,9999,Debit Card,2026-01-14
OFF02701,487,6,4,2499,Debit Card,2026-01-27
OFF02702,715,98,4,1499,UPI,2026-01-21
OFF02703,886,203,1,9999,Cash,2026-01-05
OFF02704,218,115,1,9999,UPI,2026-01-06
OFF02705,650,251,1,999,Debit Card,2026-01-06
OFF02706,650,132,4,1499,Debit Card,2026-01-10
OFF02707,880,292,3,499,UPI,2026-01-13
OFF02708,967,104,1,4999,Cash,2026-01-07
OFF02709,591,66,1,2499,UPI,2026-01-04
OFF02710,289,118,1,2499,UPI,2026-01-25
OFF02711,731,35,2,2499,Debit Card,2026-01-15
OFF02712,888,74,4,4999,UPI,2026-01-22
OFF02713,843,258,2,999,Debit Card,2026-01-02
OFF02714,450,292,1,999,Debit Card,2026-01-30
OFF02715,306,90,3,2499,Wallet,2026-01-02
OFF02716,1070,201,4,999,Debit Card,2026-01-17
OFF02717,743,33,2,999,Credit Card,2026-01-11
OFF02718,172,225,1,2499,Credit Card,2026-01-20
OFF02719,265,271,3,4999,Credit Card,2026-01-18
OFF02720,802,163,1,499,UPI,2026-01-14
OFF02721,838,266,1,4999,Credit Card,2026-01-24
OFF02722,247,165,3,499,UPI,2026-01-22
OFF02723,104,120,1,2499,Net Banking,2026-01-02
OFF02724,881,199,1,999,Wallet,2026-01-02
OFF02725,765,289,1,499,Cash,2026-01-30
OFF02726,803,293,4,1499,Net Banking,2026-01-13
OFF02727,603,231,2,9999,Net Banking,2026-01-09
OFF02728,1042,177,4,2499,Credit Card,2026-01-15
OFF02729,248,275,3,999,Debit Card,2026-01-21
OFF02730,1004,90,4,1499,Credit Card,2026-01-12
OFF02731,248,11,4,1499,UPI,2026-01-15
OFF02732,229,211,2,2499,Wallet,2026-01-12
OFF02733,1005,107,4,2499,Cash,2026-01-15
OFF02734,575,232,4,2499,Debit Card,2026-01-11
OFF02735,841,167,4,999,Net Banking,2026-01-07
OFF02736,296,126,2,9999,Net Banking,2026-01-07
OFF02737,984,187,4,4999,Cash,2026-01-12
OFF02738,245,158,2,2499,Cash,2026-01-04
OFF02739,1027,278,4,1499,Net Banking,2026-01-14
OFF02740,446,27,2,999,Net Banking,2026-01-29
OFF02741,543,81,4,4999,Credit Card,2026-01-15
OFF02742,682,13,2,2499,Wallet,2026-01-06
OFF02743,512,140,2,9999,Net Banking,2026-01-26
OFF02744,425,102,2,2499,Cash,2026-01-08
OFF02745,726,67,4,1499,Net Banking,2026-01-17
OFF02746,188,19,1,499,UPI,2026-01-01
OFF02747,421,28,3,499,Debit Card,2026-01-07
OFF02748,961,78,2,1499,UPI,2026-01-12
OFF02749,447,162,4,2499,Wallet,2026-01-06
OFF02750,922,149,3,499,Net Banking,2026-01-06
OFF02751,222,78,2,2499,Net Banking,2026-01-30
OFF02752,666,210,2,4999,Wallet,2026-01-16
OFF02753,780,144,2,499,Credit Card,2026-01-30
OFF02754,239,228,1,499,Cash,2026-01-16
OFF02755,886,195,4,999,UPI,2026-01-19
OFF02756,686,186,4,4999,Credit Card,2026-01-15
OFF02757,681,11,4,9999,Debit Card,2026-01-29
OFF02758,171,174,1,1499,Credit Card,2026-01-05
OFF02759,214,154,4,999,Wallet,2026-01-07
OFF02760,912,165,3,9999,UPI,2026-01-12
OFF02761,1013,254,1,4999,Net Banking,2026-01-14
OFF02762,297,87,3,1499,Net Banking,2026-01-09
OFF02763,427,267,1,2499,Credit Card,2026-01-02
OFF02764,560,123,3,1499,Cash,2026-01-11
OFF02765,878,21,3,9999,Wallet,2026-01-15
OFF02766,133,42,3,4999,Credit Card,2026-01-28
OFF02767,490,6,1,1499,Credit Card,2026-01-29
OFF02768,137,241,4,2499,Wallet,2026-01-22
OFF02769,476,139,4,1499,Net Banking,2026-01-28
OFF02770,451,218,4,9999,Credit Card,2026-01-12
OFF02771,389,134,2,2499,Debit Card,2026-01-03
OFF02772,1036,231,1,9999,Debit Card,2026-01-28
OFF02773,931,261,1,499,Credit Card,2026-01-26
OFF02774,282,55,2,499,Debit Card,2026-01-03
OFF02775,985,79,2,499,UPI,2026-01-01
OFF02776,173,7,3,4999,Credit Card,2026-01-19
OFF02777,209,236,3,9999,Net Banking,2026-01-04
OFF02778,1041,29,2,999,Wallet,2026-01-30
OFF02779,836,42,2,499,UPI,2026-01-01
OFF02780,152,222,2,999,Wallet,2026-01-03
OFF02781,643,199,3,9999,Credit Card,2026-01-16
OFF02782,824,102,4,4999,Credit Card,2026-01-16
OFF02783,290,148,1,2499,Net Banking,2026-01-01
OFF02784,370,41,2,999,Credit Card,2026-01-29
OFF02785,227,278,2,9999,Wallet,2026-01-25
OFF02786,969,39,2,999,Debit Card,2026-01-25
OFF02787,751,117,2,2499,Net Banking,2026-01-10
OFF02788,537,212,3,999,Debit Card,2026-01-27
OFF02789,108,177,2,4999,Wallet,2026-01-29
OFF02790,167,129,3,999,UPI,2026-01-03
OFF02791,162,253,3,9999,Net Banking,2026-01-25
OFF02792,883,221,1,9999,Wallet,2026-01-15
OFF02793,703,7,1,1499,Debit Card,2026-01-23
OFF02794,960,34,3,9999,Debit Card,2026-01-15
OFF02795,612,184,4,1499,Debit Card,2026-01-25
OFF02796,863,251,3,4999,Credit Card,2026-01-08
OFF02797,462,88,1,9999,Cash,2026-01-15
OFF02798,575,237,3,2499,Cash,2026-01-15
OFF02799,869,79,2,9999,Cash,2026-01-14
OFF02800,491,13,2,1499,Wallet,2026-01-05
OFF02801,545,205,3,499,Wallet,2026-01-29
OFF02802,1069,89,2,4999,Credit Card,2026-01-07
OFF02803,584,49,1,2499,Credit Card,2026-01-09
OFF02804,610,173,2,499,Cash,2026-01-06
OFF02805,295,156,3,999,Cash,2026-01-20
OFF02806,1071,256,4,2499,Credit Card,2026-01-16
OFF02807,169,31,3,499,Debit Card,2026-01-23
OFF02808,341,245,3,999,Net Banking,2026-01-16
OFF02809,114,111,4,2499,Debit Card,2026-01-21
OFF02810,419,82,3,9999,Wallet,2026-01-20
OFF02811,233,220,1,4999,Net Banking,2026-01-10
OFF02812,985,175,3,9999,Credit Card,2026-01-12
OFF02813,119,290,4,499,Cash,2026-01-12
OFF02814,1068,214,2,999,Debit Card,2026-01-23
OFF02815,1038,120,3,9999,Cash,2026-01-26
OFF02816,913,144,3,4999,Debit Card,2026-01-23
OFF02817,901,100,2,1499,Wallet,2026-01-19
OFF02818,601,118,2,999,Net Banking,2026-01-16
OFF02819,1002,10,3,4999,UPI,2026-01-13
OFF02820,642,76,3,499,Cash,2026-01-15
OFF02821,499,137,1,2499,Credit Card,2026-01-26
OFF02822,969,142,2,1499,UPI,2026-01-16
OFF02823,104,127,2,9999,Debit Card,2026-01-12
OFF02824,1080,248,2,1499,Debit Card,2026-01-16
OFF02825,293,161,2,9999,Net Banking,2026-01-20
OFF02826,163,62,3,9999,Wallet,2026-01-29
OFF02827,910,100,3,999,Cash,2026-01-14
OFF02828,310,6,3,1499,Credit Card,2026-01-10
OFF02829,760,13,1,9999,Cash,2026-01-03
OFF02830,558,189,4,999,Wallet,2026-01-13
OFF02831,555,285,2,4999,Debit Card,2026-01-04
OFF02832,303,141,4,1499,Wallet,2026-01-20
OFF02833,701,233,3,999,Credit Card,2026-01-11
OFF02834,989,9,1,499,Debit Card,2026-01-18
OFF02835,423,245,3,999,Wallet,2026-01-13
OFF02836,545,282,1,9999,Wallet,2026-01-11
OFF02837,728,203,2,1499,UPI,2026-01-21
OFF02838,875,145,3,4999,Net Banking,2026-01-02
OFF02839,835,262,1,9999,Wallet,2026-01-05
OFF02840,244,255,1,499,Credit Card,2026-01-04
OFF02841,341,268,2,9999,UPI,2026-01-25
OFF02842,184,185,3,1499,Cash,2026-01-11
OFF02843,659,36,4,2499,UPI,2026-01-17
OFF02844,259,214,4,9999,Net Banking,2026-01-27
OFF02845,263,46,2,2499,UPI,2026-01-25
OFF02846,158,134,2,999,Wallet,2026-01-22
OFF02847,759,286,1,499,Wallet,2026-01-08
OFF02848,325,246,1,499,Credit Card,2026-01-05
OFF02849,497,71,3,1499,Wallet,2026-01-22
OFF02850,884,203,1,4999,Debit Card,2026-01-16
OFF02851,170,13,4,4999,UPI,2026-01-07
OFF02852,697,19,2,999,Cash,2026-01-01
OFF02853,1003,179,1,4999,Debit Card,2026-01-17
OFF02854,256,85,4,999,Net Banking,2026-01-01
OFF02855,484,145,3,4999,Net Banking,2026-01-13
OFF02856,363,82,2,4999,Debit Card,2026-01-07
OFF02857,223,168,3,2499,Wallet,2026-01-10
OFF02858,718,232,1,2499,Wallet,2026-01-22
OFF02859,290,263,4,999,UPI,2026-01-02
OFF02860,1056,199,1,9999,Credit Card,2026-01-07
OFF02861,791,292,3,9999,Credit Card,2026-01-29
OFF02862,156,156,3,2499,Wallet,2026-01-21
OFF02863,624,118,3,999,UPI,2026-01-10
OFF02864,982,7,2,999,Debit Card,2026-01-07
OFF02865,436,256,4,9999,Cash,2026-01-13
OFF02866,675,85,4,2499,Net Banking,2026-01-10
OFF02867,210,128,1,4999,UPI,2026-01-28
OFF02868,1070,16,1,499,Debit Card,2026-01-30
OFF02869,491,1,3,2499,Wallet,2026-01-19
OFF02870,477,82,1,499,Credit Card,2026-01-21
OFF02871,998,98,4,9999,Debit Card,2026-01-03
OFF02872,123,144,4,9999,Debit Card,2026-01-25
OFF02873,246,18,1,1499,Debit Card,2026-01-15
OFF02874,863,105,1,9999,Wallet,2026-01-26
OFF02875,115,16,4,999,UPI,2026-01-03
OFF02876,812,121,4,4999,Net Banking,2026-01-09
OFF02877,677,139,1,9999,Cash,2026-01-03
OFF02878,508,79,2,499,Wallet,2026-01-13
OFF02879,543,16,1,2499,Cash,2026-01-14
OFF02880,1019,90,1,4999,UPI,2026-01-22
OFF02881,389,33,3,9999,Wallet,2026-01-16
OFF02882,788,104,3,499,Debit Card,2026-01-28
OFF02883,559,97,2,9999,UPI,2026-01-21
OFF02884,1075,23,4,4999,Wallet,2026-01-16
OFF02885,473,119,1,1499,UPI,2026-01-20
OFF02886,658,189,4,2499,Credit Card,2026-01-12
OFF02887,853,191,2,1499,Wallet,2026-01-12
OFF02888,512,209,2,4999,Debit Card,2026-01-15
OFF02889,934,178,3,999,Wallet,2026-01-25
OFF02890,1085,254,4,1499,Cash,2026-01-03
OFF02891,1047,130,2,1499,Debit Card,2026-01-21
OFF02892,983,239,4,4999,Wallet,2026-01-06
OFF02893,1041,22,3,4999,Wallet,2026-01-05
OFF02894,243,175,2,4999,Credit Card,2026-01-27
OFF02895,1002,203,1,2499,UPI,2026-01-17
OFF02896,207,279,1,4999,Net Banking,2026-01-01
OFF02897,333,131,2,9999,Wallet,2026-01-23
OFF02898,434,172,4,499,Wallet,2026-01-27
OFF02899,773,192,4,4999,Cash,2026-01-08
OFF02900,518,296,3,9999,Wallet,2026-01-25
OFF02901,760,55,2,9999,Cash,2026-01-05
OFF02902,920,97,1,4999,UPI,2026-01-16
OFF02903,1073,74,1,9999,Debit Card,2026-01-08
OFF02904,655,208,3,999,Wallet,2026-01-04
OFF02905,132,98,1,499,Debit Card,2026-01-04
OFF02906,174,107,2,9999,UPI,2026-01-09
OFF02907,1068,232,1,2499,Debit Card,2026-01-22
OFF02908,712,207,1,9999,Debit Card,2026-01-11
OFF02909,412,199,3,999,Cash,2026-01-20
OFF02910,604,245,1,9999,UPI,2026-01-16
OFF02911,362,164,3,499,Wallet,2026-01-16
OFF02912,806,197,1,2499,Net Banking,2026-01-20
OFF02913,490,180,4,499,UPI,2026-01-16
OFF02914,657,45,4,1499,UPI,2026-01-03
OFF02915,489,126,1,2499,Wallet,2026-01-11
OFF02916,431,124,4,499,Debit Card,2026-01-18
OFF02917,521,232,2,4999,UPI,2026-01-01
OFF02918,556,66,1,4999,UPI,2026-01-17
OFF02919,814,93,4,1499,Net Banking,2026-01-13
OFF02920,700,275,1,1499,UPI,2026-01-23
OFF02921,1024,265,4,999,Cash,2026-01-10
OFF02922,716,84,1,1499,Debit Card,2026-01-14
OFF02923,304,57,2,499,Cash,2026-01-16
OFF02924,895,128,1,2499,Wallet,2026-01-26
OFF02925,410,91,4,499,Credit Card,2026-01-08
OFF02926,831,175,4,999,Cash,2026-01-26
OFF02927,243,60,1,999,Credit Card,2026-01-24
OFF02928,609,289,1,2499,Debit Card,2026-01-26
OFF02929,638,221,1,9999,Wallet,2026-01-12
OFF02930,586,279,1,2499,UPI,2026-01-09
OFF02931,167,224,4,499,UPI,2026-01-09
OFF02932,620,184,4,2499,Credit Card,2026-01-30
OFF02933,266,71,1,499,UPI,2026-01-19
OFF02934,776,96,2,2499,Net Banking,2026-01-12
OFF02935,169,286,3,2499,Wallet,2026-01-06
OFF02936,674,299,4,499,UPI,2026-01-08
OFF02937,237,104,2,1499,Wallet,2026-01-23
OFF02938,162,201,1,1499,Net Banking,2026-01-26
OFF02939,782,7,1,4999,Debit Card,2026-01-19
OFF02940,1002,272,1,1499,Credit Card,2026-01-11
OFF02941,294,125,4,999,Wallet,2026-01-16
OFF02942,202,245,4,999,Credit Card,2026-01-13
OFF02943,784,284,1,999,Credit Card,2026-01-28
OFF02944,590,262,2,499,Net Banking,2026-01-03
OFF02945,742,290,2,999,Cash,2026-01-27
OFF02946,517,186,2,1499,UPI,2026-01-25
OFF02947,900,222,1,1499,Cash,2026-01-01
OFF02948,561,99,3,2499,Net Banking,2026-01-27
OFF02949,730,116,2,2499,Net Banking,2026-01-29
OFF02950,714,209,2,999,Net Banking,2026-01-10
OFF02951,715,255,1,2499,UPI,2026-01-14
OFF02952,1014,34,1,9999,Credit Card,2026-01-25
OFF02953,503,21,3,1499,Debit Card,2026-01-15
OFF02954,720,175,3,4999,Debit Card,2026-01-30
OFF02955,600,158,4,4999,Cash,2026-01-25
OFF02956,446,287,2,2499,UPI,2026-01-23
OFF02957,630,251,3,4999,Net Banking,2026-01-21
OFF02958,375,33,3,9999,Debit Card,2026-01-28
OFF02959,1050,148,2,1499,Debit Card,2026-01-30
OFF02960,1096,123,2,1499,Debit Card,2026-01-07
OFF02961,371,172,4,1499,Net Banking,2026-01-14
OFF02962,403,97,2,9999,Credit Card,2026-01-22
OFF02963,918,186,3,999,Cash,2026-01-19
OFF02964,842,267,2,499,Wallet,2026-01-29
OFF02965,713,150,2,999,Wallet,2026-01-27
OFF02966,930,173,2,9999,Cash,2026-01-12
OFF02967,835,126,4,2499,Debit Card,2026-01-30
OFF02968,450,291,4,4999,Credit Card,2026-01-09
OFF02969,1090,37,3,499,Cash,2026-01-27
OFF02970,169,282,4,499,Credit Card,2026-01-26
OFF02971,1058,131,4,2499,Net Banking,2026-01-19
OFF02972,373,142,4,999,UPI,2026-01-14
OFF02973,548,251,1,2499,Cash,2026-01-11
OFF02974,226,62,2,999,Debit Card,2026-01-25
OFF02975,385,28,1,499,UPI,2026-01-18
OFF02976,903,275,3,999,UPI,2026-01-30
OFF02977,1013,217,2,499,Wallet,2026-01-19
OFF02978,446,31,1,499,Net Banking,2026-01-24
OFF02979,347,142,3,2499,Credit Card,2026-01-08
OFF02980,463,293,3,4999,Credit Card,2026-01-05
OFF02981,276,12,3,999,Cash,2026-01-07
OFF02982,194,278,1,999,Net Banking,2026-01-24
OFF02983,198,139,4,499,Credit Card,2026-01-28
OFF02984,571,209,2,999,Net Banking,2026-01-06
OFF02985,210,89,2,1499,UPI,2026-01-08
OFF02986,982,158,4,4999,Net Banking,2026-01-28
OFF02987,338,198,4,999,UPI,2026-01-28
OFF02988,555,42,4,9999,Cash,2026-01-05
OFF02989,655,197,4,499,Debit Card,2026-01-07
OFF02990,451,252,4,4999,Debit Card,2026-01-01
OFF02991,722,256,4,2499,Credit Card,2026-01-12
OFF02992,958,74,1,4999,Wallet,2026-01-22
OFF02993,313,194,2,2499,Credit Card,2026-01-11
OFF02994,355,181,4,1499,Wallet,2026-01-10
OFF02995,999,119,4,4999,Cash,2026-01-01
OFF02996,815,289,2,9999,UPI,2026-01-15
OFF02997,454,12,4,4999,Debit Card,2026-01-13
OFF02998,842,11,4,2499,Cash,2026-01-30
OFF02999,362,218,1,2499,Debit Card,2026-01-08
OFF03000,591,138,3,1499,Credit Card,2026-01-06
